feature1,feature2,type
0.951078334,0.729398628,fit1
0.938219141,0.726782887,fit1
0.930850051,0.734110102,fit1
0.955953683,0.745589902,fit1
0.937208792,0.724276831,fit1
0.960966127,0.726103063,fit1
0.941080112,0.723529371,fit1
0.957695411,0.731834688,bscl2
0.956655041,0.735224198,bscl2
0.947118933,0.746045347,bscl2
0.942634228,0.748425189,bscl2
0.9574478,0.750994841,bscl2
0.954723134,0.73288434,bscl2
0.954314648,0.742735846,bscl2
0.952319971,0.732884252,gene
0.941761591,0.760772936,gene
0.941943872,0.729101424,gene
0.935159813,0.747046671,gene
0.963483546,0.747317383,gene
0.943840215,0.743986278,gene
0.941763557,0.746036716,gene
0.956789462,0.746598893,gene
0.95322361,0.731975999,gene
0.935004044,0.748098358,gene
0.951041542,0.723947552,gene
0.960873611,0.739884779,gene
0.923992647,0.736148937,gene
0.950377151,0.742290743,gene
0.93046657,0.735738829,gene
0.93095058,0.736707286,gene
0.960461254,0.738670297,gene
0.954015366,0.719176167,gene
0.931753446,0.740281649,gene
0.920598006,0.732941825,gene
0.946967181,0.725450993,gene
0.941798632,0.725024786,gene
0.948631758,0.738713446,gene
0.989989241,0.728306795,gene
0.985038058,0.712450323,gene
0.966593284,0.714022632,gene
0.941557711,0.724271131,gene
0.930972379,0.735207123,gene
0.95041093,0.734878412,gene
0.952241943,0.736994528,gene
0.967740895,0.740686489,gene
0.937117344,0.745292334,gene
0.956168989,0.759211387,gene
0.931705171,0.744717651,gene
0.946374203,0.758648982,gene
0.952708733,0.744792285,gene
0.962156703,0.757300891,gene
0.940447848,0.750930275,gene
0.938423106,0.750513401,gene
0.976892856,0.752979533,gene
0.947239622,0.734242208,gene
0.956748008,0.736370291,gene
0.945011481,0.728978062,gene
0.957827679,0.748691382,gene
0.949643027,0.731118095,gene
0.974411233,0.75626469,gene
0.969530079,0.755658548,gene
0.965555283,0.746527555,gene
0.942020161,0.738361241,gene
0.954039225,0.738177384,gene
0.962336076,0.742323034,gene
0.954464713,0.724576047,gene
0.95474433,0.718760153,gene
0.958022926,0.738458465,gene
0.979277277,0.734765022,gene
0.98259939,0.762857548,gene
0.95006259,0.729315474,gene
0.967453033,0.735615175,gene
0.970623047,0.734986874,gene
0.975579094,0.712907566,gene
0.961787553,0.75100267,gene
0.955553831,0.736749321,gene
0.97522782,0.758266079,gene
0.967628117,0.758576671,gene
0.950204221,0.741533017,gene
0.961089138,0.73820662,gene
0.940937394,0.736673585,gene
0.954464207,0.738572357,gene
0.955777306,0.717229577,gene
0.959629592,0.740194478,gene
0.977616539,0.75176511,gene
0.942789043,0.730796802,gene
0.958813277,0.737111562,gene
0.943638664,0.732702015,gene
0.954017981,0.733897412,gene
0.960536583,0.757208969,gene
0.951148324,0.730725975,gene
0.948287657,0.74903711,gene
0.947006228,0.746106558,gene
0.931644008,0.740319494,gene
0.932408791,0.747059298,gene
0.958664819,0.753240575,gene
0.959545805,0.748689374,gene
0.941942198,0.734524254,gene
0.941165415,0.742011844,gene
0.935385527,0.736569174,gene
0.932027408,0.731454961,gene
0.980718993,0.773913466,gene
0.933843942,0.730271577,gene
0.945315224,0.737610518,gene
0.94752585,0.741249309,gene
0.964774469,0.726704656,gene
0.969759304,0.74791008,gene
0.9543855,0.733401586,gene
0.965643878,0.72207662,gene
0.959803478,0.746484718,gene
0.951471695,0.725642228,gene
0.966284271,0.750107554,gene
0.925998277,0.748781737,gene
0.929794036,0.748634316,gene
0.934419738,0.730894266,gene
0.935634435,0.742960106,gene
0.929876686,0.740032075,gene
0.933907122,0.724832658,gene
0.943572515,0.735843295,gene
0.948001668,0.754957121,gene
0.932489627,0.741935334,gene
0.971255555,0.736076794,gene
0.949841645,0.732408976,gene
0.986369781,0.760081399,gene
0.94337785,0.736242205,gene
0.96048359,0.746248899,gene
0.929785749,0.734500552,gene
0.953605272,0.741478843,gene
0.959269077,0.741417017,gene
0.94498767,0.748448135,gene
0.967998528,0.730518789,gene
0.948455823,0.736704506,gene
0.941689084,0.757143736,gene
0.967373905,0.753033925,gene
0.952342109,0.753503672,gene
0.957443509,0.738963446,gene
0.958241295,0.74385337,gene
0.968230533,0.742431731,gene
0.950201168,0.74172485,gene
0.91735745,0.746117485,gene
0.95675495,0.730790753,gene
0.974788474,0.758634829,gene
0.966349874,0.725687871,gene
0.961948639,0.731249245,gene
0.957824475,0.736824083,gene
0.931248812,0.724072224,gene
0.95511697,0.746882362,gene
0.949247342,0.741187418,gene
0.962684062,0.747505561,gene
0.967930663,0.741334645,gene
0.945295147,0.746224926,gene
0.944595252,0.728402936,gene
0.958687748,0.73151323,gene
0.945341152,0.735073419,gene
0.964721442,0.744347304,bscl2
0.957054536,0.751390972,bscl2
0.962858945,0.754468898,bscl2
0.957339553,0.751330028,bscl2
0.966355091,0.746764847,bscl2
0.955150958,0.737664544,bscl2
0.935271618,0.746803587,bscl2
0.990279491,0.750272166,rfnotDL
0.983861545,0.758052133,rfnotDL
0.983769909,0.760901478,rfnotDL
0.989797973,0.772737107,rfnotDL
0.980707891,0.726619665,rfnotDL
0.993685022,0.750564269,rfnotDL
0.984452438,0.754531505,rfnotDL
0.959624343,0.732618356,rf
0.939606211,0.712990116,rf
0.945251524,0.724029585,rf
0.951964199,0.746341837,rf
0.965964411,0.745301765,rf
0.952932267,0.729777646,rf
0.935078632,0.715857415,rf
0.953191509,0.719413611,rf
0.957058843,0.746040784,rf
0.957061281,0.737126299,rf
0.988182229,0.762992101,rf
0.957290922,0.741671117,rf
0.940902385,0.725184617,rf
0.983433155,0.72033997,rf
0.950969716,0.733926195,gene
0.959727598,0.74950238,gene
0.973083973,0.754393011,gene
0.966670364,0.746246565,gene
0.953264091,0.746269534,gene
0.926315232,0.735989688,gene
0.970598547,0.723905199,gene
0.956122623,0.750354583,gene
0.957923548,0.736741477,gene
0.957650187,0.728923004,gene
0.977096558,0.7503927,gene
0.94622893,0.743000834,gene
0.968123957,0.705822653,gene
0.973238395,0.733344376,gene
0.962760345,0.744392434,gene
0.954042575,0.744564805,gene
0.968120706,0.73616394,gene
0.959379166,0.754216101,gene
0.946412553,0.747434266,gene
0.959850222,0.73965721,gene
0.954917247,0.747901479,gene
0.934549679,0.75223505,gene
0.950053214,0.742445022,gene
0.969553702,0.723911246,gene
0.963495241,0.737714685,gene
0.959187059,0.749109922,gene
0.962767091,0.73227031,gene
0.953866946,0.747969382,gene
0.955628915,0.733643941,gene
0.962483794,0.720890188,gene
0.953273597,0.734533912,gene
0.960047452,0.739229267,gene
0.95370727,0.745717636,gene
0.966872354,0.735569993,gene
0.951713723,0.73952625,gene
0.957134571,0.744560519,gene
0.954656318,0.745279284,gene
0.967312334,0.740530801,gene
0.974710366,0.735611127,gene
0.991438746,0.757596848,gene
0.974975336,0.746141621,gene
0.956177034,0.76375723,gene
0.962554048,0.739989334,gene
0.945260951,0.749705504,gene
0.961686925,0.761143895,gene
0.969712265,0.749569291,gene
0.955631882,0.740032314,gene
0.969458307,0.737949034,gene
0.954924589,0.750721547,gene
0.961160092,0.738747435,gene
0.962938663,0.749559875,gene
0.94756735,0.737624564,gene
0.943047276,0.729452481,gene
0.95902018,0.726444124,gene
0.96500709,0.730949691,gene
0.975163052,0.736294475,gene
0.957403968,0.733481358,gene
0.946578339,0.741997215,gene
0.960381666,0.728421406,gene
0.962852264,0.730973738,gene
0.963862573,0.750076196,gene
0.989695387,0.74833556,gene
0.945196126,0.744321842,gene
0.961043238,0.723881879,gene
0.95018591,0.744774142,gene
0.945025984,0.750223058,gene
0.963603731,0.70139852,gene
0.950410048,0.736802083,gene
0.974162575,0.740834958,gene
0.940604853,0.738212966,gene
0.941679659,0.724916075,gene
0.938668931,0.740129924,gene
0.958084152,0.726660843,gene
0.973241188,0.735407137,gene
0.968638908,0.73676642,gene
0.956636028,0.717264315,gene
0.971166139,0.73135103,gene
0.946458893,0.743711052,gene
0.95718299,0.737839791,gene
0.926058891,0.736390911,gene
0.941341828,0.741144649,gene
0.969567271,0.752248394,gene
0.958300695,0.722510234,gene
0.954112712,0.749880293,gene
0.950309226,0.735296378,gene
0.94564352,0.761574214,gene
0.958784599,0.741243065,gene
0.961552464,0.748512983,gene
0.943826945,0.751641398,gene
0.960172045,0.749010823,gene
0.95420512,0.719018435,gene
0.950393046,0.747168969,gene
0.95901625,0.737222805,gene
0.943903886,0.748845687,gene
0.956465776,0.733849932,gene
0.943247999,0.733651826,gene
0.945820376,0.735881071,gene
0.966804564,0.722489205,gene
0.93180522,0.735077443,gene
0.937891511,0.75436771,gene
0.954057609,0.723998978,gene
0.931823882,0.743995011,gene
0.967564713,0.731311396,gene
0.991052656,0.743418222,gene
0.96294018,0.74392135,gene
0.95138773,0.733987671,gene
0.966250634,0.739337622,gene
0.948575875,0.747022731,gene
0.949850946,0.737695249,gene
0.97406,0.742866821,gene
0.958933968,0.743984442,gene
0.946910759,0.719253367,gene
0.95953091,0.725060517,gene
0.932011633,0.722347435,gene
0.975776304,0.75432183,gene
0.966161891,0.724952712,gene
0.953354518,0.730536595,gene
0.952039003,0.740666871,gene
0.951178038,0.725092196,gene
0.945729943,0.739033623,gene
0.949094205,0.729369917,gene
0.95229045,0.745381974,gene
0.981345682,0.74540144,gene
0.940196985,0.728517707,gene
0.955928458,0.741306037,gene
0.949124482,0.74565717,gene
0.952318148,0.727039858,gene
0.954603786,0.736682703,gene
0.959205577,0.74618819,gene
0.961645342,0.727845005,gene
0.952751765,0.732088957,gene
0.977018046,0.755930924,gene
0.945621938,0.744107283,gene
0.950451795,0.728222902,gene
0.965107292,0.750693934,gene
0.957399313,0.732371422,gene
0.943801025,0.747183952,gene
0.961766377,0.740142069,gene
0.952803515,0.743990742,gene
0.95306574,0.754247016,gene
0.962899675,0.739145521,rf
0.967434299,0.732862067,rf
0.957460335,0.738728845,rf
0.933480198,0.723931625,rf
0.96364982,0.737692572,rf
0.977144992,0.751434962,rf
0.973251803,0.754296327,rf
0.9853165,0.74964406,rfnotDL
0.982037987,0.742974105,rfnotDL
0.986261789,0.753432927,rfnotDL
0.986835276,0.750641886,rfnotDL
0.994834078,0.727329138,rfnotDL
0.98745333,0.737754011,rfnotDL
0.992059468,0.741210294,rfnotDL
0.944254145,0.717403399,fit1
0.941673184,0.734488705,fit1
0.961442086,0.732365387,fit1
0.957093933,0.744425936,fit1
0.947365588,0.736602983,fit1
0.940915228,0.746296064,fit1
0.936506702,0.730540443,fit1
0.955813518,0.742066984,bscl2
0.958990103,0.747018221,bscl2
0.957284056,0.759879926,bscl2
0.958963881,0.754023898,bscl2
0.958422402,0.755263656,bscl2
0.969633039,0.755250797,bscl2
0.966497592,0.751983822,bscl2
0.955936881,0.726040616,gene
0.964170823,0.724337822,gene
0.960502559,0.743315795,gene
0.949287437,0.74418013,gene
0.947216015,0.75302564,gene
0.951477594,0.740469355,gene
0.950201736,0.743397047,gene
0.93138744,0.748616341,gene
0.960434375,0.747304657,gene
0.966057145,0.725394856,gene
0.98751061,0.75302755,gene
0.954253451,0.73347415,gene
0.958523204,0.747349467,gene
0.951917878,0.741014319,gene
0.948438864,0.747320513,gene
0.956180756,0.742854943,gene
0.960047676,0.743337818,gene
0.927318666,0.745600371,gene
0.957497478,0.757873289,gene
0.934217588,0.74288004,gene
0.934905224,0.732505195,gene
0.941907539,0.750722131,gene
0.937358015,0.75473718,gene
0.966643703,0.741157059,gene
0.956151929,0.757112758,gene
0.958823282,0.743009037,gene
0.959999659,0.753754246,gene
0.945035566,0.752868821,gene
0.957855214,0.727411638,gene
0.937153636,0.734247889,gene
0.955185955,0.734606025,gene
0.969988135,0.751762725,gene
0.951430789,0.737400093,gene
0.962910942,0.739500151,gene
0.95934971,0.737741474,gene
0.961847516,0.743473908,gene
0.940125135,0.750237756,gene
0.941971855,0.72991329,gene
0.926717135,0.742033192,gene
0.971877968,0.738617928,gene
0.943449287,0.733390235,gene
0.959058256,0.741628418,gene
0.957755427,0.734636115,gene
0.939985984,0.733642395,gene
0.966966567,0.739575111,gene
0.959663247,0.749184177,gene
0.947808266,0.744267041,gene
0.952704074,0.728537397,gene
0.967872787,0.757290531,gene
0.932219483,0.725845508,gene
0.939223938,0.735665276,gene
0.954582649,0.746940341,gene
0.934864393,0.735024064,gene
0.948710261,0.746142253,gene
0.917758558,0.745575808,gene
0.936669174,0.727095946,gene
0.961808689,0.735902519,gene
0.941694415,0.738485214,gene
0.938882326,0.7409848,gene
0.944825476,0.76103267,gene
0.943888982,0.735345969,gene
0.960237532,0.748112756,gene
0.929353209,0.719074319,gene
0.968866127,0.740024719,gene
0.940330581,0.743279049,gene
0.944823101,0.741903797,gene
0.951773583,0.724033703,gene
0.946616209,0.742939653,gene
0.938610958,0.737286745,gene
0.945556419,0.744015669,gene
0.972004282,0.728354149,gene
0.95664426,0.738655875,gene
0.940374119,0.731614814,gene
0.959211098,0.724133815,gene
0.930092154,0.733226003,gene
0.948686115,0.725676321,gene
0.951072021,0.754299348,gene
0.931858737,0.734118884,gene
0.954445085,0.749998959,gene
0.955682395,0.736077829,gene
0.948766449,0.725870873,gene
0.940188287,0.723723574,gene
0.962808867,0.71941101,gene
0.964127802,0.75881356,gene
0.95656096,0.7369576,gene
0.946300793,0.727562788,gene
0.947671492,0.74804275,gene
0.953738261,0.749771789,gene
0.952160905,0.742723467,gene
0.96205336,0.730101776,gene
0.960185497,0.744646904,gene
0.951290342,0.736448368,gene
0.91941289,0.731757272,gene
0.943007655,0.745089162,gene
0.929153751,0.744636092,gene
0.948654725,0.741541567,gene
0.961812107,0.74785899,gene
0.945833648,0.745987877,gene
0.947175926,0.716073151,gene
0.943784529,0.731300374,gene
0.955506419,0.735238286,gene
0.927887214,0.736626509,gene
0.952940597,0.731061302,gene
0.944866473,0.732193536,gene
0.948326152,0.71644023,gene
0.965482105,0.738750648,gene
0.966108716,0.717625479,gene
0.961872489,0.733152641,gene
0.957868049,0.758086275,gene
0.959245716,0.738470663,gene
0.961909894,0.735557139,gene
0.95602684,0.737315322,gene
0.967112578,0.73095268,gene
0.950603531,0.723254724,gene
0.943673204,0.730953543,gene
0.954345325,0.737265849,gene
0.986309991,0.760244547,gene
0.956862091,0.737508098,gene
0.970208423,0.750860646,gene
0.950227022,0.726880724,gene
0.966623805,0.741662684,gene
0.960363436,0.740655392,gene
0.94643353,0.736875194,gene
0.959017352,0.752711122,gene
0.955109711,0.729684284,gene
0.935851164,0.734860161,gene
0.959394339,0.724465184,gene
0.964206161,0.741266837,gene
0.949467503,0.732676165,gene
0.920899756,0.73235446,gene
0.965080097,0.738870163,gene
0.938053537,0.719260388,gene
0.932302148,0.728820395,gene
0.955588517,0.742414971,gene
0.969644151,0.741997903,gene
0.938285095,0.741322182,gene
0.919332734,0.736136069,gene
0.936032523,0.74021242,gene
0.934361634,0.729423754,gene
0.964543057,0.728560974,gene
0.95557646,0.742370013,bscl2
0.948776131,0.741679201,bscl2
0.954358114,0.741732876,bscl2
0.953107258,0.735620243,bscl2
0.948005391,0.744564152,bscl2
0.946376979,0.74408252,bscl2
0.953358198,0.747886266,bscl2
0.990138296,0.748360181,rfnotDL
0.97766322,0.752362847,rfnotDL
0.987923695,0.745754416,rfnotDL
0.982095356,0.76173491,rfnotDL
0.993901392,0.748166121,rfnotDL
0.99049048,0.7346033,rfnotDL
0.988129026,0.751906694,rfnotDL
0.970877223,0.736787993,rf
0.94544083,0.737008928,rf
0.932521875,0.716629666,rf
0.949952072,0.723854844,rf
0.921129188,0.730825952,rf
0.96232935,0.752684813,rf
0.948951107,0.725638451,rf
0.944925505,0.743959279,rf
0.939228778,0.734461485,rf
0.952964746,0.732896345,rf
0.941932138,0.736286383,rf
0.96448078,0.738446803,rf
0.951549877,0.727310466,rf
0.955102153,0.746414578,rf
0.946055575,0.758343024,gene
0.965195568,0.751290048,gene
0.956644736,0.749222247,gene
0.957858774,0.735894806,gene
0.962610517,0.736344879,gene
0.936840902,0.738654994,gene
0.962386897,0.736323268,gene
0.970273029,0.735427733,gene
0.92000601,0.747442889,gene
0.946594595,0.742093144,gene
0.960606499,0.731969834,gene
0.977967975,0.735656399,gene
0.937123782,0.745516832,gene
0.967890336,0.772052717,gene
0.939419094,0.730150263,gene
0.960690484,0.753479904,gene
0.948263658,0.738137011,gene
0.957196655,0.744703211,gene
0.960849337,0.752121551,gene
0.958791169,0.76430496,gene
0.96334286,0.730356284,gene
0.964043036,0.771616181,gene
0.952674232,0.737582084,gene
0.939854896,0.730977707,gene
0.975873137,0.716723465,gene
0.944973052,0.735131926,gene
0.965955777,0.72157677,gene
0.972247697,0.747100808,gene
0.942476793,0.719343484,gene
0.945251502,0.746818626,gene
0.941412358,0.732006648,gene
0.961081963,0.726841821,gene
0.946422569,0.745491604,gene
0.943205454,0.747979893,gene
0.957532553,0.740630993,gene
0.961439273,0.736370191,gene
0.949320515,0.762437185,gene
0.950484539,0.753896127,gene
0.95913685,0.734178448,gene
0.95867098,0.725724633,gene
0.936337258,0.7510289,gene
0.959419767,0.746407555,gene
0.952739822,0.722836968,gene
0.989477109,0.74280542,gene
0.944419489,0.728601568,gene
0.955167269,0.738176623,gene
0.978649894,0.714630583,gene
0.951763336,0.741381743,gene
0.968473572,0.762339598,gene
0.954382839,0.737254051,gene
0.961284379,0.74777918,gene
0.959382531,0.746991966,gene
0.965209556,0.73331051,gene
0.957664075,0.746686246,gene
0.952712007,0.725257124,gene
0.949759703,0.739921001,gene
0.940230855,0.755478545,gene
0.951379535,0.739986969,gene
0.929128497,0.732954433,gene
0.936279002,0.732967272,gene
0.975009308,0.747019065,gene
0.946660325,0.743150698,gene
0.949005163,0.741226229,gene
0.997438467,0.72633139,gene
0.95184582,0.732223391,gene
0.998162697,0.797540375,gene
0.991097354,0.745443463,gene
0.973032018,0.763449997,gene
0.987007379,0.733880977,gene
0.987111121,0.684997423,gene
0.955002182,0.726880234,gene
0.960868828,0.740252034,gene
0.948720533,0.72660527,gene
0.957688143,0.731326462,gene
0.942334256,0.743965718,gene
0.936795014,0.736000555,gene
0.965426895,0.749699789,gene
0.95097635,0.730718514,gene
0.94843231,0.737906595,gene
0.93074714,0.744186571,gene
0.940596155,0.727696186,gene
0.96700923,0.732778431,gene
0.951290719,0.718693927,gene
0.954085441,0.725081742,gene
0.936273814,0.717777126,gene
0.945861117,0.721558055,gene
0.956035542,0.739668247,gene
0.93720286,0.727969094,gene
0.946010896,0.728368374,gene
0.952477864,0.74669142,gene
0.964178057,0.724794774,gene
0.938321536,0.740315634,gene
0.927683934,0.739641334,gene
0.946042503,0.752460373,gene
0.935530239,0.74009933,gene
0.957266004,0.738710196,gene
0.925537528,0.744048374,gene
0.95009854,0.746176418,gene
0.954424007,0.752692992,gene
0.961375561,0.755721851,gene
0.938998232,0.744407227,gene
0.973759369,0.747413698,gene
0.960559884,0.743755058,gene
0.947415644,0.735801342,gene
0.951104725,0.745597997,gene
0.955850938,0.743643764,gene
0.944621998,0.742816061,gene
0.940482109,0.738356217,gene
0.96223566,0.742928306,gene
0.984010629,0.750520736,gene
0.948032161,0.721294115,gene
0.953844067,0.727537482,gene
0.967231925,0.729567819,gene
0.946836162,0.74388854,gene
0.957649963,0.731781196,gene
0.95175855,0.735906413,gene
0.954274741,0.761026683,gene
0.958859528,0.736452852,gene
0.944414695,0.74915091,gene
0.951612811,0.743902513,gene
0.953676593,0.73206484,gene
0.966224524,0.734324861,gene
0.930828909,0.740437584,gene
0.939730009,0.714339679,gene
0.939735966,0.734430796,gene
0.95272326,0.734567853,gene
0.94620258,0.74478683,gene
0.985101221,0.754515239,gene
0.977384493,0.749352595,gene
0.943310284,0.729390913,gene
0.975160985,0.755685728,gene
0.923876474,0.733624366,gene
0.959945535,0.743956418,gene
0.977491023,0.729239639,gene
0.959324655,0.751442258,gene
0.952683429,0.734249309,gene
0.938451471,0.738020743,gene
0.943947121,0.723199116,gene
0.947961247,0.726730085,gene
0.955926271,0.741622037,gene
0.968972319,0.741312121,rf
0.962218344,0.742909547,rf
0.968266872,0.713150143,rf
0.954797124,0.747298226,rf
0.973960428,0.753430895,rf
0.943053489,0.728888277,rf
0.942495098,0.728736649,rf
0.977662323,0.762706035,rfnotDL
0.973122011,0.736748852,rfnotDL
0.977738332,0.76090003,rfnotDL
0.98094107,0.752817331,rfnotDL
0.985297003,0.758576656,rfnotDL
0.986598237,0.73803646,rfnotDL
0.986804862,0.738193019,rfnotDL
0.954317584,0.724937001,fit1
0.944088764,0.718474173,fit1
0.936992675,0.732233889,fit1
0.947506306,0.740356309,fit1
0.930170533,0.718456881,fit1
0.956593738,0.713718719,fit1
0.956523901,0.731371829,fit1
0.966403172,0.748411105,bscl2
0.958390775,0.72988891,bscl2
0.955221343,0.738758527,bscl2
0.941358127,0.758203137,bscl2
0.958648921,0.735854088,bscl2
0.957831219,0.744345521,bscl2
0.952136695,0.738040094,bscl2
0.964129681,0.755490385,gene
0.964137451,0.73636985,gene
0.947186087,0.739226659,gene
0.956742699,0.743953001,gene
0.956251497,0.738091246,gene
0.952207876,0.760865309,gene
0.956979053,0.737053011,gene
0.948412879,0.740804297,gene
0.969753183,0.767853442,gene
0.952963884,0.730842057,gene
0.973909696,0.692522035,gene
0.963067549,0.744528559,gene
0.973320713,0.704192288,gene
0.947882344,0.72017132,gene
0.941239087,0.73592348,gene
0.967411973,0.74632782,gene
0.961052109,0.739247535,gene
0.960153173,0.743497493,gene
0.95734776,0.73250101,gene
0.969834447,0.74794243,gene
0.956591429,0.75381448,gene
0.963379564,0.743286197,gene
0.937530426,0.74798898,gene
0.94847797,0.748901343,gene
0.966719657,0.757827541,gene
0.958734434,0.752063298,gene
0.960277816,0.738893296,gene
0.960415478,0.743423623,gene
0.956843798,0.725008551,gene
0.949169736,0.747755638,gene
0.974081789,0.736714743,gene
0.955753183,0.723051336,gene
0.959473147,0.738399658,gene
0.968246418,0.726328295,gene
0.94128761,0.734493287,gene
0.941583138,0.725355098,gene
0.944864129,0.740696913,gene
0.93893586,0.721654046,gene
0.955474085,0.737498383,gene
0.936800498,0.732502597,gene
0.970187243,0.751329496,gene
0.955488927,0.737597856,gene
0.955181992,0.748900367,gene
0.975758352,0.749965164,gene
0.957333242,0.745984768,gene
0.938182205,0.730112079,gene
0.973457805,0.738120914,gene
0.933314854,0.730079351,gene
0.933951185,0.74051956,gene
0.947752964,0.739413939,gene
0.97105821,0.741342045,gene
0.957354281,0.737652042,gene
0.972665246,0.734652804,gene
0.963760645,0.737260238,gene
0.980788608,0.72409366,gene
0.95550676,0.746604524,gene
0.970292333,0.731108857,gene
0.972290826,0.722105041,gene
0.958637488,0.721738673,gene
0.975373145,0.737365077,gene
0.961189238,0.736935134,gene
0.980849435,0.737681155,gene
0.953547609,0.728449508,gene
0.957407319,0.742318016,gene
0.929400989,0.732743924,gene
0.957324526,0.74692562,gene
0.954259142,0.757079707,gene
0.951088882,0.742857118,gene
0.969718402,0.73725711,gene
0.945252741,0.767855289,gene
0.960823442,0.733250484,gene
0.939181886,0.74589993,gene
0.93831364,0.740000485,gene
0.945289795,0.73614677,gene
0.957257582,0.728458426,gene
0.963340781,0.743748561,gene
0.95592869,0.733847807,gene
0.94962409,0.734068178,gene
0.931799162,0.721310376,gene
0.969028548,0.744323227,gene
0.948470052,0.733986891,gene
0.944813415,0.737679006,gene
0.945650631,0.730450355,gene
0.956176667,0.744220535,gene
0.948185646,0.730371631,gene
0.952537427,0.747978446,gene
0.953621908,0.724833317,gene
0.967325174,0.743300663,gene
0.953425383,0.745862788,gene
0.965162023,0.730732874,gene
0.977010156,0.737309016,gene
0.969311857,0.739912144,gene
0.950833638,0.738956725,gene
0.94066796,0.728579922,gene
0.953051671,0.741624182,gene
0.948677794,0.730633671,gene
0.945252534,0.751287111,gene
0.961649414,0.742292959,gene
0.950871498,0.734706594,gene
0.948286358,0.737302454,gene
0.962064419,0.736296953,gene
0.946439132,0.744358166,gene
0.951615451,0.733462925,gene
0.950419124,0.733150241,gene
0.960172224,0.744968923,gene
0.931294827,0.734815557,gene
0.951504764,0.717830723,gene
0.942856005,0.726212959,gene
0.952842201,0.750898859,gene
0.943917964,0.747054721,gene
0.95255562,0.724855574,gene
0.947788707,0.744458656,gene
0.956706121,0.731237555,gene
0.952992937,0.753235266,gene
0.932561825,0.714224365,gene
0.944388901,0.75421618,gene
0.941988906,0.734110863,gene
0.964690465,0.735080029,gene
0.938324421,0.738690011,gene
0.951046483,0.751788104,gene
0.934646652,0.736346531,gene
0.933393326,0.727833526,gene
0.957601638,0.736167905,gene
0.946794625,0.746677769,gene
0.957196123,0.74242284,gene
0.95943698,0.760205782,gene
0.922606081,0.742158652,gene
0.945140473,0.742397776,gene
0.93291458,0.736335495,gene
0.950503171,0.736762891,gene
0.951197885,0.731197093,gene
0.955682277,0.749357717,gene
0.952538003,0.743889029,gene
0.953798486,0.735406418,gene
0.962044375,0.735096142,gene
0.954971585,0.753707636,gene
0.948154423,0.745706845,gene
0.932992825,0.752258949,gene
0.958297183,0.761545536,gene
0.930862123,0.744683226,gene
0.964832748,0.738259811,bscl2
0.958725539,0.742813092,bscl2
0.955027776,0.732966266,bscl2
0.966308927,0.738489752,bscl2
0.958526756,0.738610581,bscl2
0.948265126,0.756270501,bscl2
0.944591242,0.745790702,bscl2
0.977142167,0.755650742,rfnotDL
0.976370578,0.749627858,rfnotDL
0.985899098,0.757292428,rfnotDL
0.979825069,0.750512119,rfnotDL
0.986724274,0.728750052,rfnotDL
0.98509453,0.727503063,rfnotDL
0.989720483,0.741150433,rfnotDL
0.965508225,0.729435255,rf
0.957236792,0.731635166,rf
0.928592901,0.739044075,rf
0.960211529,0.732954885,rf
0.968833025,0.747601982,rf
0.942789709,0.746088296,rf
0.944744976,0.735733138,rf
0.947207498,0.728041925,rf
0.974608622,0.767211481,rf
0.9375077,0.740473043,rf
0.984200354,0.730903193,rf
0.936881721,0.734786703,rf
0.936203477,0.716526331,rf
0.949453508,0.723661983,rf
0.933938687,0.756834886,gene
0.962798981,0.755202318,gene
0.948265387,0.764030333,gene
0.966823462,0.745356058,gene
0.965795889,0.736255271,gene
0.98091419,0.782045648,gene
0.953095076,0.745068163,gene
0.960700327,0.735290719,gene
0.928977452,0.73528048,gene
0.939257686,0.745991977,gene
0.942423321,0.751073737,gene
0.941648307,0.732513801,gene
0.958777098,0.743511823,gene
0.94880897,0.745315861,gene
0.944774145,0.739713835,gene
0.928207029,0.732981131,gene
0.965967936,0.73257261,gene
0.942664685,0.746879174,gene
0.962021743,0.736418587,gene
0.946092362,0.733424241,gene
0.95910384,0.739536567,gene
0.960986252,0.74028716,gene
0.979136131,0.746961423,gene
0.968038817,0.734495905,gene
0.979815271,0.727244321,gene
0.977961647,0.723634501,gene
0.9701343,0.738762969,gene
0.976196811,0.739926664,gene
0.94744229,0.728224832,gene
0.964113343,0.73829188,gene
0.952862891,0.733489301,gene
0.967738916,0.742344003,gene
0.960195778,0.735973036,gene
0.952371255,0.747884131,gene
0.965374123,0.760219742,gene
0.948671384,0.720011709,gene
0.970700292,0.737295231,gene
0.954993415,0.72057563,gene
0.960568551,0.738998812,gene
0.948550258,0.730365071,gene
0.964463203,0.748660382,gene
0.963836185,0.731634035,gene
0.975080527,0.72098896,gene
0.95355461,0.73399856,gene
0.953721953,0.738162712,gene
0.974759738,0.733312643,gene
0.967738922,0.740697415,gene
0.99903879,0.784722014,gene
0.980986357,0.712952303,gene
0.946471768,0.712787582,gene
0.950242898,0.736176066,gene
0.977011161,0.721529737,gene
0.956236996,0.725488329,gene
0.959924184,0.735517657,gene
0.967602229,0.713293503,gene
0.974695638,0.724885013,gene
0.953798964,0.746374946,gene
0.957188473,0.731706337,gene
0.923160479,0.726418119,gene
0.954222593,0.739550703,gene
0.936450947,0.743134406,gene
0.962614949,0.730567643,gene
0.948344234,0.744157646,gene
0.963114088,0.741968839,gene
0.930559758,0.720047996,gene
0.951351397,0.735056445,gene
0.968151815,0.73822449,gene
0.947965175,0.733742254,gene
0.95831235,0.726940546,gene
0.967415931,0.752292246,gene
0.953224286,0.722099228,gene
0.955795406,0.728643061,gene
0.962542804,0.735723126,gene
0.940140182,0.73676658,gene
0.940278929,0.732550746,gene
0.931589297,0.730598892,gene
0.96318195,0.734827953,gene
0.956477394,0.737562075,gene
0.94314162,0.743696883,gene
0.950946817,0.753455943,gene
0.952243744,0.73909383,gene
0.962421245,0.741455219,gene
0.953457394,0.737945078,gene
0.980254933,0.741690216,gene
0.95512382,0.716191192,gene
0.96065305,0.74992642,gene
0.955921356,0.751731987,gene
0.966073419,0.738189866,gene
0.960506289,0.743419407,gene
0.987777354,0.746770766,gene
0.961250186,0.740685254,gene
0.94428611,0.721053068,gene
0.962059468,0.718933281,gene
0.951806313,0.743956377,gene
0.957547642,0.73710221,gene
0.937238524,0.746194337,gene
0.95068692,0.741667542,gene
0.964930404,0.744314289,gene
0.935444929,0.741931251,gene
0.956650409,0.73557696,gene
0.956660675,0.760783684,gene
0.966031941,0.737362879,gene
0.951353109,0.753908792,gene
0.964984225,0.767529108,gene
0.944250928,0.734878552,gene
0.951617302,0.75308952,gene
0.96130273,0.730364475,gene
0.952986305,0.726739451,gene
0.941967361,0.738019337,gene
0.955372947,0.736948464,gene
0.982355056,0.734129114,gene
0.962582416,0.737944188,gene
0.947137194,0.758551689,gene
0.96253257,0.765618314,gene
0.962210138,0.740529879,gene
0.95496115,0.742191266,gene
0.973696322,0.734508575,gene
0.949379978,0.725093338,gene
0.970493822,0.74531927,gene
0.965506386,0.752570925,gene
0.942064503,0.733315875,gene
0.942978546,0.738889369,gene
0.940774137,0.726310331,gene
0.953998878,0.733735744,gene
0.949472965,0.738046946,gene
0.966426975,0.72204246,gene
0.949486899,0.732191117,gene
0.95925515,0.742350778,gene
0.984255991,0.748746475,gene
0.965494657,0.746787886,gene
0.946828437,0.732003402,gene
0.942485192,0.724541346,gene
0.959039619,0.73949259,gene
0.968229514,0.73674875,gene
0.968665152,0.756961797,gene
0.946124009,0.740197884,gene
0.967465906,0.707393013,gene
0.963320052,0.728654482,gene
0.989441768,0.733011274,gene
0.966504355,0.722966407,gene
0.967121096,0.720937029,rf
0.962821003,0.740413861,rf
0.921409955,0.730624043,rf
0.961622945,0.731048888,rf
0.980567633,0.747587438,rf
0.930904925,0.721461769,rf
0.965342935,0.750214131,rf
0.995615684,0.709985305,rfnotDL
0.978642565,0.751406972,rfnotDL
0.980881728,0.758310686,rfnotDL
0.988118892,0.749065847,rfnotDL
0.988067639,0.754990697,rfnotDL
0.992407456,0.738412057,rfnotDL
0.98803225,0.758417536,rfnotDL
0.990292454,0.761229841,fit1
0.961784426,0.738354495,fit1
0.963536805,0.727210684,fit1
0.923183848,0.71826153,fit1
0.962595481,0.725506545,fit1
0.940477508,0.727111009,fit1
0.944910926,0.728391951,fit1
0.964395927,0.757453905,bscl2
0.964616158,0.766066655,bscl2
0.961737327,0.738764243,bscl2
0.958204385,0.734184495,bscl2
0.94578707,0.748542684,bscl2
0.956578274,0.752326979,bscl2
0.964402443,0.742152412,bscl2
0.954159335,0.739401534,gene
0.924402491,0.736494524,gene
0.952604438,0.732618069,gene
0.938336628,0.735791341,gene
0.958773341,0.727367861,gene
0.941086516,0.728639976,gene
0.963113518,0.753361107,gene
0.960004162,0.735636561,gene
0.942780148,0.738837394,gene
0.944981526,0.729884455,gene
0.946066411,0.741508959,gene
0.960074417,0.749656564,gene
0.935182701,0.725842842,gene
0.929622868,0.752296911,gene
0.952291478,0.742448563,gene
0.987579187,0.736709142,gene
0.956648603,0.727024966,gene
0.97955612,0.740519506,gene
0.959768015,0.746038274,gene
0.955099794,0.729768621,gene
0.982302459,0.745625636,gene
0.978577617,0.767009106,gene
0.943011822,0.719476706,gene
0.948664699,0.755573787,gene
0.966352085,0.727331065,gene
0.941143727,0.737908514,gene
0.971970135,0.746267967,gene
0.943756162,0.755208678,gene
0.949841167,0.736617539,gene
0.968224458,0.734012661,gene
0.942584316,0.751557215,gene
0.945601186,0.738539215,gene
0.958192312,0.750499832,gene
0.947214008,0.745008331,gene
0.964112068,0.73193392,gene
0.94578714,0.735494743,gene
0.963449308,0.729138589,gene
0.967864725,0.741814038,gene
0.960429196,0.721159511,gene
0.957440253,0.732869565,gene
0.958846563,0.749613962,gene
0.945342056,0.735264041,gene
0.947046084,0.738250168,gene
0.969353234,0.74757773,gene
0.970022343,0.741181717,gene
0.950279622,0.741415662,gene
0.949688991,0.735984146,gene
0.947048929,0.751628554,gene
0.957531701,0.75055465,gene
0.954082706,0.751568627,gene
0.949499995,0.741979955,gene
0.94977327,0.72153065,gene
0.946036183,0.742105929,gene
0.945311447,0.724281978,gene
0.946621503,0.73640928,gene
0.969859741,0.725582594,gene
0.964191411,0.722679522,gene
0.969833665,0.712602457,gene
0.964066617,0.73996697,gene
0.976142496,0.738314869,gene
0.956273889,0.734045295,gene
0.951800984,0.731473349,gene
0.963973294,0.718615988,gene
0.95498412,0.742878754,gene
0.948155795,0.744126772,gene
0.973342141,0.731084179,gene
0.947239829,0.740845529,gene
0.952815312,0.745895892,gene
0.944781014,0.741447855,gene
0.934140067,0.750294606,gene
0.942996246,0.742675019,gene
0.947651697,0.735226696,gene
0.950896013,0.743463819,gene
0.946626933,0.736257153,gene
0.945602873,0.731009,gene
0.969281369,0.734908895,gene
0.959604027,0.741270366,gene
0.949201027,0.715549225,gene
0.946962161,0.732280917,gene
0.944408036,0.73938764,gene
0.95224269,0.716649216,gene
0.934289161,0.751020579,gene
0.957151369,0.740801452,gene
0.95806339,0.743069054,gene
0.933047935,0.743453581,gene
0.953412495,0.73136652,gene
0.959443777,0.720847537,gene
0.961239604,0.733166376,gene
0.943332405,0.734760832,gene
0.953415541,0.734400311,gene
0.941281816,0.725442871,gene
0.955925258,0.741992191,gene
0.965319602,0.739462976,gene
0.958561795,0.742085441,gene
0.957071191,0.717308558,gene
0.956333642,0.743405937,gene
0.962802025,0.744684001,gene
0.943897841,0.732007576,gene
0.955274871,0.734342926,gene
0.939296398,0.737925203,gene
0.953194174,0.745856546,gene
0.950272103,0.74827269,gene
0.944303525,0.74761865,gene
0.964216218,0.739535677,gene
0.956899815,0.730500942,gene
0.970278659,0.730237733,gene
0.967603976,0.724863804,gene
0.975399359,0.732939843,gene
0.97297366,0.728985974,gene
0.976939014,0.740623834,gene
0.973760513,0.706133558,gene
0.976748013,0.736842768,gene
0.967517705,0.729894846,gene
0.940305716,0.745475264,gene
0.943104367,0.745808615,gene
0.95771972,0.745045902,gene
0.942113444,0.739150316,gene
0.959964278,0.731632103,gene
0.963060015,0.738842346,gene
0.950496818,0.743776278,gene
0.946395835,0.725921279,gene
0.975231017,0.76061315,gene
0.93387118,0.744186666,gene
0.94071114,0.734415518,gene
0.959977671,0.750265907,gene
0.930775326,0.743783235,gene
0.951236184,0.753320347,gene
0.942047832,0.74242329,gene
0.963693478,0.734598504,gene
0.949771386,0.735340424,gene
0.969184827,0.741342322,gene
0.951250276,0.752042318,gene
0.959613803,0.74003155,gene
0.947509932,0.736697456,gene
0.954391287,0.735410596,gene
0.955222179,0.747360744,gene
0.939934461,0.741970097,gene
0.960020919,0.744002398,gene
0.954151063,0.717809533,gene
0.957063697,0.755327325,gene
0.964424087,0.730184906,bscl2
0.964692919,0.742739918,bscl2
0.980299272,0.761118474,bscl2
0.962552736,0.749105188,bscl2
0.978041429,0.747045444,bscl2
0.979848795,0.749488616,bscl2
0.949948641,0.734112437,bscl2
0.99090392,0.759650677,rfnotDL
0.989563114,0.767303763,rfnotDL
0.973890669,0.750846138,rfnotDL
0.983497949,0.751371273,rfnotDL
0.991455899,0.774793958,rfnotDL
0.982360353,0.749057358,rfnotDL
0.988296186,0.751590789,rfnotDL
0.960559689,0.737922633,rf
0.944399103,0.724173476,rf
0.966786722,0.731061537,rf
0.93886598,0.731987813,rf
0.965032833,0.734674191,rf
0.932495153,0.729987257,rf
0.939942806,0.74779925,rf
0.967106795,0.73960715,rf
0.943214394,0.724262582,rf
0.940841931,0.720203388,rf
0.948325465,0.707584348,rf
0.959617513,0.715698438,rf
0.933369406,0.724931445,rf
0.967119353,0.727724735,rf
0.965611837,0.737173031,gene
0.953475245,0.73441434,gene
0.941952012,0.746970636,gene
0.959639967,0.751343749,gene
0.958324637,0.726217479,gene
0.960693372,0.738279682,gene
0.961225091,0.731698954,gene
0.95463726,0.746410864,gene
0.964250111,0.725637041,gene
0.973367723,0.766134819,gene
0.974689137,0.73300065,gene
0.972097009,0.753838274,gene
0.97103327,0.725871311,gene
0.950066174,0.748123117,gene
0.985419858,0.706589999,gene
0.961948673,0.739912383,gene
0.963963395,0.727403784,gene
0.98199018,0.774223191,gene
0.950644475,0.728334745,gene
0.961948455,0.746029104,gene
0.942314055,0.736681502,gene
0.985487234,0.716949308,gene
0.94941909,0.728319429,gene
0.956160418,0.730670124,gene
0.94496811,0.720721986,gene
0.95436948,0.738912328,gene
0.945922525,0.732595971,gene
0.97417051,0.739969347,gene
0.984071651,0.745954107,gene
0.971869035,0.745647974,gene
0.953032177,0.738336956,gene
0.969269596,0.720901433,gene
0.973491266,0.724618861,gene
0.969219943,0.727355142,gene
0.981152202,0.774621499,gene
0.942052642,0.741365672,gene
0.956799936,0.753667849,gene
0.953143176,0.722113543,gene
0.946481713,0.744795128,gene
0.949052332,0.74482164,gene
0.94997823,0.746519932,gene
0.962261146,0.748193998,gene
0.96609707,0.729413481,gene
0.934176263,0.723470311,gene
0.969279231,0.737156802,gene
0.962540877,0.727251662,gene
0.977908193,0.71538539,gene
0.965574371,0.729422922,gene
0.975459793,0.745845303,gene
0.967970995,0.749304231,gene
0.967898179,0.740845889,gene
0.935095095,0.737823133,gene
0.946398137,0.726188601,gene
0.968651469,0.724731934,gene
0.965770787,0.719550361,gene
0.943308223,0.738910358,gene
0.972859555,0.751729149,gene
0.959222997,0.759014166,gene
0.94484334,0.728905419,gene
0.95948538,0.73798111,gene
0.981962093,0.738785485,gene
0.967879992,0.742681999,gene
0.963270184,0.731816202,gene
0.964808839,0.729679498,gene
0.943508278,0.753606081,gene
0.976680101,0.765620447,gene
0.928401452,0.724798326,gene
0.957501584,0.73774193,gene
0.94781181,0.743042505,gene
0.984769149,0.756469895,gene
0.940027872,0.743275064,gene
0.937196112,0.736712669,gene
0.951580824,0.736239803,gene
0.996593102,0.733904747,gene
0.951540171,0.739826336,gene
0.946858797,0.724096367,gene
0.96595191,0.767751618,gene
0.951514983,0.712566138,gene
0.94025014,0.727078784,gene
0.935251945,0.718141354,gene
0.949896091,0.715027678,gene
0.950397521,0.729523766,gene
0.951097595,0.732908013,gene
0.959178517,0.720546893,gene
0.935926245,0.741858855,gene
0.960471287,0.743250466,gene
0.957310647,0.723732,gene
0.936906089,0.738674916,gene
0.961253638,0.744748758,gene
0.958307569,0.750464643,gene
0.950890191,0.72929673,gene
0.960156381,0.768996174,gene
0.937555205,0.743706031,gene
0.952083095,0.737431857,gene
0.944496392,0.721123212,gene
0.942005441,0.736663763,gene
0.947812792,0.713051644,gene
0.961809988,0.74403123,gene
0.945999005,0.745598775,gene
0.949702756,0.740974227,gene
0.936297253,0.74247481,gene
0.9597486,0.731941552,gene
0.987744755,0.747946576,gene
0.956472791,0.722166539,gene
0.951342962,0.717987266,gene
0.965126136,0.769005462,gene
0.944782716,0.742346891,gene
0.964516322,0.741347515,gene
0.952191189,0.729305268,gene
0.956844478,0.743376187,gene
0.955791735,0.742188333,gene
0.975121364,0.726243824,gene
0.944484846,0.737900996,gene
0.944257476,0.743203724,gene
0.959463496,0.742745001,gene
0.972875181,0.743526588,gene
0.945504353,0.747310588,gene
0.959651134,0.73081902,gene
0.986384785,0.760684322,gene
0.970611668,0.738411908,gene
0.953985994,0.741639623,gene
0.937366152,0.733645988,gene
0.948811854,0.725309791,gene
0.96792969,0.719049785,gene
0.939407519,0.737062293,gene
0.980364824,0.750333368,gene
0.96387959,0.747991256,gene
0.949650583,0.7525929,gene
0.935921437,0.738507468,gene
0.967888429,0.721617043,gene
0.978574345,0.735036918,gene
0.953011199,0.733298464,gene
0.970349733,0.749078999,gene
0.955931384,0.734704239,gene
0.948036352,0.731499106,gene
0.947295289,0.736359939,gene
0.96236864,0.73734799,gene
0.966969077,0.745057591,gene
0.958123249,0.73232626,gene
0.953050439,0.735162012,gene
0.956965514,0.742471207,rf
0.952073117,0.732329612,rf
0.960047234,0.720287823,rf
0.9557391,0.722472419,rf
0.954963755,0.737126668,rf
0.951610256,0.725196221,rf
0.957396529,0.722935238,rf
0.986334297,0.740627841,rfnotDL
0.965342123,0.766063711,rfnotDL
0.985394404,0.768685227,rfnotDL
0.992576341,0.752280037,rfnotDL
0.99143514,0.748073034,rfnotDL
0.988293948,0.749781279,rfnotDL
0.986684663,0.735693642,rfnotDL
0.916534918,0.715353115,fit1
0.948962965,0.737529513,fit1
0.924292084,0.730958883,fit1
0.950486543,0.73681777,fit1
0.940741119,0.727955327,fit1
0.94990829,0.724831533,fit1
0.949684978,0.734406645,fit1
0.958730417,0.734867728,bscl2
0.948020812,0.733293468,bscl2
0.954002705,0.732055903,bscl2
0.96523361,0.761273007,bscl2
0.971637494,0.774381847,bscl2
0.948471192,0.729641787,bscl2
0.959800316,0.738695441,bscl2
0.949966639,0.732496571,gene
0.945674566,0.737522423,gene
0.947021454,0.742505117,gene
0.955541749,0.720135095,gene
0.941841738,0.728089081,gene
0.953182182,0.742875349,gene
0.97450619,0.736095477,gene
0.93180722,0.744790182,gene
0.975126728,0.756332635,gene
0.957938542,0.74800545,gene
0.956875071,0.751729751,gene
0.957787596,0.731386595,gene
0.96033011,0.746034042,gene
0.967110273,0.742990431,gene
0.984381017,0.733609798,gene
0.949542561,0.746208846,gene
0.956013112,0.75605954,gene
0.951354978,0.731921059,gene
0.964701618,0.732441729,gene
0.976670668,0.735678081,gene
0.956122472,0.738707772,gene
0.941857687,0.738988867,gene
0.948736561,0.738420885,gene
0.936863615,0.73518041,gene
0.925132215,0.738021212,gene
0.971343915,0.746596356,gene
0.958540807,0.731249745,gene
0.960297335,0.739574467,gene
0.941876315,0.732103817,gene
0.939562905,0.72334509,gene
0.941808535,0.749977971,gene
0.940355761,0.740661169,gene
0.962978987,0.721540772,gene
0.950130349,0.735735997,gene
0.962438116,0.722459058,gene
0.955911301,0.734158122,gene
0.941525391,0.727775192,gene
0.950396049,0.732026863,gene
0.970394404,0.715155359,gene
0.957789682,0.725677065,gene
0.954070542,0.747236702,gene
0.995381187,0.783023225,gene
0.938114661,0.716765236,gene
0.96679394,0.744931022,gene
0.95727489,0.740473415,gene
0.947010654,0.724019709,gene
0.951684201,0.745458558,gene
0.951469838,0.744978901,gene
0.956335905,0.745508697,gene
0.961296613,0.740391419,gene
0.960345732,0.721727049,gene
0.958598531,0.738551897,gene
0.963013668,0.7529135,gene
0.954237459,0.727137114,gene
0.965349633,0.723185958,gene
0.995133331,0.801760606,gene
0.962490355,0.754491708,gene
0.962457153,0.742276651,gene
0.929843944,0.740609731,gene
0.95860459,0.737737564,gene
0.957879052,0.727004692,gene
0.958406496,0.733127028,gene
0.956061233,0.748390923,gene
0.949426866,0.729800281,gene
0.93461388,0.74610715,gene
0.940376462,0.734438138,gene
0.963805823,0.756172194,gene
0.944078003,0.751588357,gene
0.944139954,0.725423193,gene
0.943248033,0.743923767,gene
0.960786146,0.731572714,gene
0.965810935,0.743666074,gene
0.953492437,0.732791593,gene
0.95575216,0.741138614,gene
0.970189579,0.736219685,gene
0.961895696,0.74560614,gene
0.960041421,0.739994468,gene
0.94041761,0.733890169,gene
0.940332126,0.764439144,gene
0.929833054,0.725014844,gene
0.966196724,0.754135099,gene
0.975329725,0.760270147,gene
0.949783375,0.725790606,gene
0.956744571,0.735646946,gene
0.949862746,0.754006317,gene
0.949446088,0.739165196,gene
0.943488597,0.754656944,gene
0.94581766,0.747403538,gene
0.95836205,0.748075732,gene
0.958806611,0.738214005,gene
0.959685714,0.734620995,gene
0.946401579,0.714265363,gene
0.941600323,0.723557738,gene
0.9510109,0.718641447,gene
0.952089589,0.718722493,gene
0.952867261,0.721886753,gene
0.954655343,0.7278935,gene
0.971872756,0.749868375,gene
0.969428399,0.747968128,gene
0.981437811,0.718036889,gene
0.962652331,0.732873976,gene
0.958670987,0.708305004,gene
0.977464657,0.737843793,gene
0.971120518,0.72206854,gene
0.969085814,0.738987562,gene
0.953715722,0.732334511,gene
0.948223581,0.744925563,gene
0.971440672,0.728121232,gene
0.955943104,0.707850642,gene
0.941648296,0.728551562,gene
0.937631323,0.741048693,gene
0.950865181,0.72650632,gene
0.937655439,0.722926955,gene
0.94445107,0.721609675,gene
0.954566845,0.734969881,gene
0.948321424,0.734850848,gene
0.93428276,0.731330774,gene
0.947017514,0.742596428,gene
0.949352453,0.742462515,gene
0.968380663,0.74226019,gene
0.938978544,0.725370322,gene
0.924896633,0.720930101,gene
0.954557421,0.735915116,gene
0.956757513,0.739557057,gene
0.963835796,0.742505961,gene
0.9583679,0.738148886,gene
0.946123307,0.736051595,gene
0.951456124,0.737409809,gene
0.932200419,0.712497715,gene
0.954539172,0.750404648,gene
0.959381053,0.735921482,gene
0.950430953,0.73399417,gene
0.953853848,0.733509381,gene
0.980762177,0.76245981,gene
0.972743997,0.723140388,gene
0.968366447,0.740047229,gene
0.9479163,0.73749105,gene
0.976335829,0.726134776,gene
0.970360193,0.744822584,gene
0.961952424,0.736552434,gene
0.980979581,0.739057836,bscl2
0.9589019,0.746160518,bscl2
0.964032357,0.733195337,bscl2
0.94528309,0.754480864,bscl2
0.945385398,0.757213389,bscl2
0.948016269,0.743988031,bscl2
0.976088552,0.75588095,bscl2
0.98453747,0.733829543,rfnotDL
0.97897435,0.750636809,rfnotDL
0.984759398,0.725538013,rfnotDL
0.969817217,0.756444808,rfnotDL
0.985160908,0.734017484,rfnotDL
0.991704918,0.776969651,rfnotDL
0.983159082,0.76637493,rfnotDL
0.96394684,0.729933129,rf
0.958443682,0.737439346,rf
0.963238125,0.730468493,rf
0.955535747,0.7295004,rf
0.968300749,0.72470641,rf
0.962316662,0.737251773,rf
0.955860676,0.739063151,rf
0.949262701,0.739784452,rf
0.952278275,0.730304493,rf
0.967531195,0.705436605,rf
0.972576315,0.729483775,rf
0.98707469,0.740138797,rf
0.95303628,0.737302501,rf
0.97321156,0.716830162,rf
0.949798119,0.732041301,gene
0.95018266,0.737858122,gene
0.93066962,0.738016067,gene
0.963392448,0.663289333,gene
0.947719104,0.728781688,gene
0.980765486,0.71234297,gene
0.974953625,0.730048235,gene
0.937457815,0.738736975,gene
0.931258548,0.717517087,gene
0.934524009,0.746359802,gene
0.931222412,0.723455967,gene
0.961435257,0.730606051,gene
0.947175185,0.721473319,gene
0.952398182,0.730629286,gene
0.970323433,0.717928756,gene
0.964633148,0.755181345,gene
0.953817849,0.741251801,gene
0.973976031,0.751621274,gene
0.968562661,0.729151703,gene
0.959509785,0.759893246,gene
0.953024952,0.751297273,gene
0.982937354,0.774187452,gene
0.956351213,0.727260517,gene
0.964117219,0.734637834,gene
0.94311983,0.745961163,gene
0.965912258,0.728520941,gene
0.956456633,0.731674165,gene
0.969620976,0.736322786,gene
0.968285471,0.733852643,gene
0.947705385,0.73542632,gene
0.961782221,0.733810197,gene
0.979486326,0.725198224,gene
0.994915268,NA,gene
0.986996107,0.723858493,gene
0.977761435,0.735332776,gene
0.955122047,0.732605365,gene
0.960894646,0.761652945,gene
0.968961326,0.749864155,gene
0.942337833,0.73286162,gene
0.968817533,0.768765852,gene
0.92602653,0.740012812,gene
0.969684938,0.742953712,gene
0.986025573,0.707527136,gene
0.943092044,0.747765661,gene
0.96633355,0.747354666,gene
0.979024216,0.739175153,gene
0.956093024,0.721624456,gene
0.988059932,0.762387661,gene
0.967329452,0.748229031,gene
0.953422209,0.729171451,gene
0.948625945,0.732576831,gene
0.969779488,0.724754054,gene
0.952639701,0.739367213,gene
0.967128028,0.733661127,gene
0.952298306,0.740741244,gene
0.977718115,0.757668364,gene
0.956988888,0.76269273,gene
0.948809336,0.728405045,gene
0.946648121,0.752436116,gene
0.945336255,0.733091887,gene
0.95485586,0.748026063,gene
0.958317073,0.731106196,gene
0.941995641,0.742841482,gene
0.950051235,0.737557048,gene
0.95069435,0.751765189,gene
0.946967304,0.741629476,gene
0.941754073,0.744387821,gene
0.96803698,0.749456342,gene
0.955053947,0.747867669,gene
0.960161035,0.730232999,gene
0.953167013,0.731907792,gene
0.969935039,0.734774316,gene
0.932618295,0.723564526,gene
0.955592176,0.740879468,gene
0.946613186,0.710495279,gene
0.943675922,0.734976516,gene
0.959722955,0.734392578,gene
0.952049461,0.747330213,gene
0.944282823,0.717886513,gene
0.964120058,0.725191234,gene
0.968803913,0.748725074,gene
0.970107949,0.739099826,gene
0.955618963,0.731766556,gene
0.95697979,0.755205779,gene
0.946881826,0.740255413,gene
0.967811987,0.735461201,gene
0.937126667,0.738888259,gene
0.942660495,0.738818106,gene
0.958938725,0.7408285,gene
0.955573084,0.738700329,gene
0.951735929,0.750122414,gene
0.941765234,0.740093341,gene
0.974032234,0.75482596,gene
0.956818295,0.737762884,gene
0.964182829,0.705863435,gene
0.940146235,0.746290299,gene
0.945231805,0.75103656,gene
0.967048675,0.745901935,gene
0.977081762,0.750718588,gene
0.945976202,0.726436461,gene
0.953368099,0.715857284,gene
0.942090917,0.718912425,gene
0.937002992,0.743765611,gene
0.953670085,0.742126023,gene
0.958112281,0.736649012,gene
0.960626168,0.746965017,gene
0.950942996,0.755376413,gene
0.947836866,0.738050171,gene
0.950447935,0.73589375,gene
0.941044246,0.738364524,gene
0.958823875,0.743302484,gene
0.961213759,0.723125004,gene
0.961594222,0.746370647,gene
0.934407508,0.722966158,gene
0.956012855,0.733097715,gene
0.957481802,0.753117263,gene
0.959835313,0.729803282,gene
0.942548855,0.730704678,gene
0.956446253,0.734195241,gene
0.952292437,0.725419153,gene
0.951431435,0.744794804,gene
0.95381484,0.731226272,gene
0.961703142,0.752526721,gene
0.974974923,0.732036657,gene
0.929552945,0.732215476,gene
0.972971889,0.737544147,gene
0.959561901,0.729199557,gene
0.960121877,0.740843477,gene
0.970479792,0.746996416,gene
0.946076459,0.720976037,gene
0.961565412,0.726493639,gene
0.948342987,0.738365843,gene
0.974892061,0.713971718,gene
0.960098006,0.743867982,gene
0.972741037,0.733610864,gene
0.947662105,0.735279251,gene
0.951325296,0.721445226,gene
0.955204389,0.724411472,gene
0.956900815,0.712992177,gene
0.970673717,0.717079937,gene
0.950979608,0.725480945,rf
0.954763577,0.725334444,rf
0.956372791,0.746843171,rf
0.965550553,0.744017204,rf
0.966145638,0.747030377,rf
0.951343229,0.731100276,rf
0.978433056,0.72481506,rf
0.991494686,0.765917339,rfnotDL
0.975367989,0.76034348,rfnotDL
0.979882028,0.75839414,rfnotDL
0.986319285,0.777611158,rfnotDL
0.991713196,0.729082546,rfnotDL
0.983441556,0.747859244,rfnotDL
0.987710501,0.747362486,rfnotDL
0.936047804,0.707950332,fit1
0.930355093,0.720414544,fit1
0.950441282,0.727582528,fit1
0.927746504,0.720992943,fit1
0.942358566,0.723107106,fit1
0.953711384,0.715790965,fit1
0.960965476,0.749499237,fit1
0.953335946,0.760723156,bscl2
0.955955877,0.734982596,bscl2
0.965086916,0.738197247,bscl2
0.961315331,0.74639509,bscl2
0.977953626,0.738770972,bscl2
0.963296605,0.737654284,bscl2
0.948783723,0.756881306,bscl2
0.954342579,0.761194391,gene
0.946585937,0.731591093,gene
0.945110335,0.745076186,gene
0.942871838,0.741325447,gene
0.94676789,0.735793457,gene
0.931503342,0.732546204,gene
0.960887683,0.750064304,gene
0.95745662,0.748120561,gene
0.934801531,0.739874787,gene
0.961187086,0.746625112,gene
0.958181075,0.726402793,gene
0.937467059,0.752405857,gene
0.940692194,0.748547126,gene
0.945641441,0.749631225,gene
0.955945502,0.733451907,gene
0.959772013,0.744908191,gene
0.926283592,0.736475366,gene
0.951447982,0.753632742,gene
0.946184638,0.738046085,gene
0.966433205,0.741060374,gene
0.9547219,0.741169709,gene
0.967169617,0.74961691,gene
0.948571117,0.738700494,gene
0.950136805,0.723260289,gene
0.946356296,0.739730365,gene
0.953624466,0.75193209,gene
0.948809781,0.734033605,gene
0.952499512,0.738369326,gene
0.953711917,0.737463079,gene
0.945113296,0.731224673,gene
0.926461005,0.743432264,gene
0.959855535,0.752522216,gene
0.980267588,0.740928453,gene
0.942627389,0.72193665,gene
0.956484231,0.747478443,gene
0.941365996,0.746094501,gene
0.938023331,0.748411984,gene
0.940682086,0.74030344,gene
0.966312213,0.760044178,gene
0.96051334,0.736412759,gene
0.94140015,0.75256848,gene
0.943118532,0.733967542,gene
0.925023538,0.73331572,gene
0.957865506,0.735707895,gene
0.957468103,0.730383672,gene
0.957476062,0.730087188,gene
0.962354918,0.737207905,gene
0.973747187,0.719304227,gene
0.974897478,0.717768295,gene
0.949749049,0.729738971,gene
0.964360504,0.742755003,gene
0.946728373,0.727645661,gene
0.973917972,0.775812208,gene
0.954097599,0.73107873,gene
0.971698134,0.722488256,gene
0.954809668,0.752925427,gene
0.947099083,0.714092561,gene
0.960218246,0.736123832,gene
0.932979226,0.71913762,gene
0.953167467,0.728141546,gene
0.95909825,0.749207487,gene
0.960482233,0.723863672,gene
0.956581099,0.741696415,gene
0.943182398,0.747942236,gene
0.966224241,0.7505893,gene
0.971400972,0.739281251,gene
0.958325902,0.754010368,gene
0.950393505,0.748995428,gene
0.94574051,0.731186625,gene
0.965400082,0.76662035,gene
0.962244372,0.731217483,gene
0.956678548,0.730460307,gene
0.965492389,0.727728999,gene
0.930077565,0.746550619,gene
0.940326099,0.740071479,gene
0.961836364,0.711546305,gene
0.950668619,0.745365617,gene
0.947780029,0.73318968,gene
0.964254143,0.741616294,gene
0.96131933,0.742753483,gene
0.941306657,0.743307631,gene
0.950303108,0.733113487,gene
0.969981632,0.744423009,gene
0.959602607,0.750042204,gene
0.954046493,0.734911212,gene
0.955494673,0.730442901,gene
0.957360711,0.739785977,gene
0.946051172,0.738533824,gene
0.966975,0.741189316,gene
0.974339754,0.758934542,gene
0.945397063,0.72868523,gene
0.94594118,0.747142752,gene
0.967006057,0.752115895,gene
0.953855407,0.740191574,gene
0.950346467,0.741070895,gene
0.943336081,0.701993912,gene
0.974826957,0.732575572,gene
0.951850519,0.730180869,gene
0.952539621,0.750997606,gene
0.958263409,0.744385042,gene
0.953560828,0.742887614,gene
0.957929873,0.743752636,gene
0.957477139,0.735806304,gene
0.947368863,0.751512527,gene
0.946556814,0.742187886,gene
0.96748342,0.763721146,gene
0.962155673,0.725528118,gene
0.955371545,0.726223816,gene
0.966171193,0.763514832,gene
0.927814873,0.734236942,gene
0.966273374,0.728303784,gene
0.958958554,0.732593289,gene
0.956378757,0.737015177,gene
0.962261344,0.723186815,gene
0.946306105,0.728325507,gene
0.950244833,0.738480094,gene
0.974454244,0.741651259,gene
0.962026548,0.736513981,gene
0.991144635,0.757625334,gene
0.955802778,0.732591668,gene
0.957385168,0.734970982,gene
0.959649351,0.748152929,gene
0.959283599,0.726356059,gene
0.960676408,0.736985885,gene
0.950412184,0.737081408,gene
0.953372572,0.721876274,gene
0.95018221,0.735290673,gene
0.969818571,0.744021739,gene
0.935519284,0.735945045,gene
0.958821362,0.748935364,gene
0.939494021,0.722844336,gene
0.998903552,0.738527351,gene
0.951811681,0.737177116,gene
0.953968125,0.750971769,gene
0.958872963,0.734091095,gene
0.951245549,0.749692359,gene
0.943166742,0.723080636,gene
0.972605927,0.746192439,gene
0.946911407,0.732560021,gene
0.951422678,0.735339807,gene
0.958246229,0.739905093,bscl2
0.961793547,0.738624526,bscl2
0.954416999,0.715434298,bscl2
0.940023605,0.758173304,bscl2
0.946269303,0.75591829,bscl2
0.944591862,0.734736099,bscl2
0.951679615,0.751503906,bscl2
0.984262078,0.746756086,rfnotDL
0.973419889,0.752360434,rfnotDL
0.979495538,0.743778355,rfnotDL
0.994769794,0.729125838,rfnotDL
0.991435413,0.771521428,rfnotDL
0.97920613,0.760330988,rfnotDL
0.979539176,0.77800895,rfnotDL
0.954387912,0.743472038,rf
0.956903803,0.71054934,rf
0.971233688,0.750783189,rf
0.974969177,0.741369689,rf
0.947134281,0.736213001,rf
0.944310918,0.728210571,rf
0.976007266,0.733731591,rf
0.971580194,0.725506439,rf
0.958160291,0.720232672,rf
0.963111959,0.73849614,rf
0.936714312,0.717487594,rf
0.957515975,0.734643713,rf
0.972790309,0.700708645,rf
0.979246555,0.72370907,rf
0.951943708,0.748804926,gene
0.945844045,0.733600632,gene
0.960774136,0.741440172,gene
0.970635117,0.733470015,gene
0.957385033,0.732516367,gene
0.965454315,0.725501832,gene
0.968047463,0.737110847,gene
0.945326333,0.725941178,gene
0.95435248,0.747658749,gene
0.932839708,0.723642707,gene
0.953460061,0.72985058,gene
0.979017306,0.716750254,gene
0.962084671,0.744500512,gene
0.961381543,0.725370324,gene
0.974657791,0.742737259,gene
0.956883355,0.746534094,gene
0.948314762,0.73299007,gene
0.95410803,0.742772356,gene
0.963694246,0.740614941,gene
0.962520855,0.759943817,gene
0.947621399,0.722066821,gene
0.961995912,0.71136384,gene
0.927766536,0.747582335,gene
0.940458892,0.736868215,gene
0.925112738,0.727233156,gene
0.962639191,0.751090073,gene
0.933818159,0.713359998,gene
0.922587407,0.737651466,gene
0.950251488,0.731156026,gene
0.951275555,0.752729742,gene
0.953765672,0.737464078,gene
0.967940388,0.726414415,gene
0.974760024,0.739323549,gene
0.982315098,0.746927376,gene
0.948099555,0.744759907,gene
0.968116822,0.74497386,gene
0.934038299,0.736808112,gene
0.962112919,0.724260634,gene
0.944756839,0.729878763,gene
0.978016589,0.762424957,gene
0.971649233,0.707828877,gene
0.967630183,0.722919565,gene
0.958336888,0.761538578,gene
0.969459134,0.740545026,gene
0.944752215,0.723194732,gene
0.952648623,0.730496947,gene
0.96878979,0.719081439,gene
0.941970938,0.706357547,gene
0.971164584,0.73664768,gene
0.961731774,0.741924256,gene
0.97354084,0.74059141,gene
0.943787728,0.761923832,gene
0.956253654,0.724488276,gene
0.972892931,0.726302076,gene
0.952686844,0.731354583,gene
0.967321098,0.726641166,gene
0.951494456,0.734067103,gene
0.945620452,0.734154945,gene
0.926300239,0.731230117,gene
0.96246982,0.756236711,gene
0.940031712,0.747098313,gene
0.942950823,0.744118021,gene
0.963424999,0.756865792,gene
0.949065437,0.73396689,gene
0.957088795,0.727540397,gene
0.938564892,0.732172386,gene
0.937293828,0.73004852,gene
0.956826876,0.72770324,gene
0.912226342,0.737002348,gene
0.962879395,0.734687869,gene
0.961788957,0.742768747,gene
0.985623844,0.754447947,gene
0.938989636,0.739792692,gene
0.937864444,0.736102568,gene
0.953049259,0.738315525,gene
0.944361236,0.735725682,gene
0.935877665,0.749129028,gene
0.961281993,0.725676867,gene
0.958997895,0.717179871,gene
0.952601402,0.746915609,gene
0.947341837,0.736177015,gene
0.9573826,0.738905915,gene
0.953635387,0.737577765,gene
0.964928991,0.755566812,gene
0.949824283,0.725210913,gene
0.951723515,0.730610663,gene
0.95154893,0.736165973,gene
0.939338928,0.721782984,gene
0.967602479,0.732287311,gene
0.956695992,0.745219315,gene
0.969181061,0.74797659,gene
0.965743718,0.735510958,gene
0.954058778,0.752423741,gene
0.973607473,0.746621941,gene
0.944226618,0.742951259,gene
0.963192808,0.746448806,gene
0.952889664,0.733154743,gene
0.965928683,0.742906892,gene
0.940685298,0.726064857,gene
0.93564954,0.749120008,gene
0.958157514,0.745683997,gene
0.944942264,0.740355319,gene
0.957619249,0.722905675,gene
0.962355788,0.75750233,gene
0.955448354,0.744345141,gene
0.950830353,0.7354456,gene
0.933732195,0.731185999,gene
0.948939528,0.749652487,gene
0.94060537,0.725052959,gene
0.952413768,0.737856553,gene
0.948351997,0.732986229,gene
0.973192233,0.736323135,gene
0.947800861,0.738262877,gene
0.960072207,0.717049567,gene
0.962827351,0.724918748,gene
0.937641201,0.723924796,gene
0.959637613,0.737112437,gene
0.946951435,0.740877946,gene
0.948472755,0.731881468,gene
0.992414043,0.784469393,gene
0.955870539,0.735165458,gene
0.944268424,0.738949187,gene
0.936059807,0.73545651,gene
0.964449001,0.737256922,gene
0.944644648,0.730141981,gene
0.964146886,0.7246016,gene
0.962920364,0.755128189,gene
0.958239843,0.723376169,gene
0.941587679,0.737090259,gene
0.938091005,0.735243039,gene
0.959136744,0.738975182,gene
0.963171701,0.725478417,gene
0.97009112,0.753026823,gene
0.959285991,0.76833531,gene
0.962305866,0.741838354,gene
0.987327989,0.755978639,gene
0.982101196,0.769357105,gene
0.959908698,0.748794312,gene
0.970443422,0.745881248,gene
0.945994186,0.756749323,gene
0.956361449,0.720919894,rf
0.95739567,0.732942757,rf
0.94885592,0.727744527,rf
0.943411298,0.726222813,rf
0.935341921,0.733427515,rf
0.937333781,0.735721342,rf
0.957911047,0.729046294,rf
0.994958957,0.77409327,rfnotDL
0.965197807,0.758172696,rfnotDL
0.980780482,0.766378249,rfnotDL
0.98585527,0.750617087,rfnotDL
0.992026668,0.750023575,rfnotDL
0.983647879,0.71731671,rfnotDL
0.984173968,0.732136599,rfnotDL
0.944099014,0.725993699,fit1
0.948467449,0.7020798,fit1
0.949355697,0.71222675,fit1
0.962588016,0.731701221,fit1
0.947768255,0.729453263,fit1
0.934587681,0.719867272,fit1
0.931609111,0.724979392,fit1
0.959236095,0.738799751,bscl2
0.958167538,0.741352778,bscl2
0.971836901,0.745644915,bscl2
0.945255834,0.745399261,bscl2
0.971602398,0.74912914,bscl2
0.954949834,0.733285486,bscl2
0.95376848,0.735666269,bscl2
0.940164854,0.736219272,gene
0.952942493,0.74167756,gene
0.972611306,0.745448034,gene
0.912226663,0.754259326,gene
0.964618676,0.746337788,gene
0.959544827,0.738900404,gene
0.952352397,0.748135822,gene
0.955319965,0.759017817,gene
0.944986669,0.741188124,gene
0.956777192,0.732465177,gene
0.966006072,0.753852541,gene
0.953860871,0.740272789,gene
0.976780573,0.729021099,gene
0.946762914,0.759539679,gene
0.941603739,0.741767861,gene
0.949562344,0.736764238,gene
0.943650797,0.728403142,gene
0.95661791,0.735048309,gene
0.959920077,0.721574477,gene
0.937871281,0.75036122,gene
0.951385088,0.733132539,gene
0.930892028,0.739120411,gene
0.94202632,0.729626599,gene
0.938876889,0.734954745,gene
0.956855188,0.732012285,gene
0.943186966,0.726768192,gene
0.946066915,0.737697778,gene
0.94353879,0.726025694,gene
0.945756509,0.719347834,gene
0.950080839,0.738745656,gene
0.928847433,0.73174659,gene
0.992133,0.774790715,gene
0.956753145,0.732567993,gene
0.953295534,0.73831417,gene
0.93188868,0.736293551,gene
0.952805284,0.740452306,gene
0.960230122,0.737871952,gene
0.961280606,0.727475864,gene
0.970993744,0.714895893,gene
0.962947775,0.759871331,gene
0.955433772,0.729208302,gene
0.964411823,0.735251365,gene
0.944426504,0.735296638,gene
0.951208541,0.73886054,gene
0.949615554,0.738595795,gene
0.959252054,0.723812464,gene
0.943379199,0.73595128,gene
0.956567067,0.720162907,gene
0.96154467,0.746311587,gene
0.942693163,0.740847383,gene
0.926825511,0.740135299,gene
0.913071106,0.738903079,gene
0.927557337,0.738119475,gene
0.93483508,0.740363294,gene
0.933910289,0.741543966,gene
0.957214377,0.749336413,gene
0.958685265,0.725335616,gene
0.957408652,0.732110825,gene
0.942714226,0.733708905,gene
0.97438038,0.739223459,gene
0.947436932,0.723263117,gene
0.960400667,0.709354467,gene
0.951003806,0.745499642,gene
0.945040804,0.746125622,gene
0.938959796,0.728718064,gene
0.941717746,0.746792024,gene
0.960747264,0.754854521,gene
0.946875571,0.743159998,gene
0.966960698,0.747173759,gene
0.954333124,0.758610978,gene
0.942098473,0.756337407,gene
0.947727936,0.757489293,gene
0.956072935,0.765970329,gene
0.95018544,0.739665428,gene
0.945218718,0.7548126,gene
0.946126309,0.756930157,gene
0.958242111,0.769904039,gene
0.949371008,0.725575589,gene
0.940068527,0.749710113,gene
0.952217946,0.754186785,gene
0.946476297,0.741514848,gene
0.944321348,0.737378113,gene
0.947795492,0.741153318,gene
0.936477345,0.731859726,gene
0.944721754,0.738718519,gene
0.964777852,0.727861212,gene
0.96694468,0.720251188,gene
0.945388994,0.737674712,gene
0.951239037,0.742503808,gene
0.936442711,0.729015857,gene
0.950636738,0.740953426,gene
0.936367601,0.745122097,gene
0.941874263,0.739594728,gene
0.962169963,0.757157294,gene
0.950108855,0.748371206,gene
0.955750162,0.733389004,gene
0.976127651,0.748861443,gene
0.960690303,0.745765109,gene
0.951094485,0.738135002,gene
0.964125711,0.747646818,gene
0.950299255,0.744257082,gene
0.939231274,0.747372833,gene
0.95471266,0.749683938,gene
0.949592646,0.744463137,gene
0.936337279,0.739828848,gene
0.941263919,0.735047797,gene
0.957006249,0.738964736,gene
0.940982852,0.74992598,gene
0.9425937,0.734941964,gene
0.949144281,0.736564749,gene
0.941624895,0.740742319,gene
0.950032539,0.740370885,gene
0.960215323,0.741655673,gene
0.944502245,0.733431444,gene
0.969111807,0.725759468,gene
0.960148769,0.727495302,gene
0.957346596,0.743679986,gene
0.95995711,0.721981454,gene
0.960703534,0.734073277,gene
0.985736112,0.733402056,gene
0.943074155,0.713181614,gene
0.955957946,0.73589369,gene
0.959758631,0.74174988,gene
0.957236502,0.727593007,gene
0.957189219,0.725507956,gene
0.968860513,0.750154965,gene
0.951782676,0.724858144,gene
0.952121663,0.717404415,gene
0.937283143,0.717626469,gene
0.961978304,0.717568808,gene
0.96068351,0.733529067,gene
0.940640725,0.726679174,gene
0.958728922,0.711984115,gene
0.950439382,0.733888912,gene
0.94706941,0.7248224,gene
0.948482552,0.727722107,gene
0.955883557,0.743518053,gene
0.963802638,0.747055247,gene
0.939773775,0.732290197,gene
0.958249934,0.733044944,gene
0.936401118,0.747370893,bscl2
0.961300996,0.740937611,bscl2
0.972540166,0.75258984,bscl2
0.943318162,0.733539163,bscl2
0.963042001,0.753505113,bscl2
0.941880561,0.733290481,bscl2
0.964548212,0.752396458,bscl2
0.990908546,0.752183148,rfnotDL
0.969142899,0.760985958,rfnotDL
0.981943945,0.737072482,rfnotDL
0.982712321,0.725214368,rfnotDL
0.987377773,0.76959804,rfnotDL
0.981622803,0.736643204,rfnotDL
0.983916452,0.730635659,rfnotDL
0.969413282,0.749725098,rf
0.958201825,0.721149288,rf
0.996772031,0.714977179,rf
0.964518237,0.726678057,rf
0.966025937,0.717256549,rf
0.966867066,0.728621466,rf
0.958582064,0.764291148,rf
0.941960769,0.725340821,rf
0.945142455,0.734426072,rf
0.965274555,0.732282137,rf
0.960426391,0.734836872,rf
0.958268752,0.713605886,rf
0.971949728,0.713550951,rf
0.945818636,0.724707227,rf
0.968077266,0.726300053,gene
0.949622507,0.732211559,gene
0.963591431,0.7115041,gene
0.990444651,0.760846169,gene
0.959228026,0.70629342,gene
0.961377674,0.7231505,gene
0.985860893,0.723322539,gene
0.970176657,0.730284751,gene
0.956766919,0.757438831,gene
0.949200506,0.736438582,gene
0.949893968,0.735492196,gene
0.979992022,0.7586391,gene
0.958265557,0.72403005,gene
0.946961416,0.737514608,gene
0.934263101,0.734635787,gene
0.960667369,0.727302032,gene
0.95074409,0.735482037,gene
0.971908546,0.737780933,gene
0.95946888,0.724155927,gene
0.945592488,0.721797506,gene
0.953450891,0.740542678,gene
0.953817082,0.726728129,gene
0.953298226,0.746549046,gene
0.964762924,0.726820069,gene
0.973018679,0.75230639,gene
0.965463668,0.740005715,gene
0.924609245,0.7356717,gene
0.954197644,0.759409435,gene
0.942115151,0.736743994,gene
0.955645646,0.741768471,gene
0.953906989,0.741058891,gene
0.958857273,0.751492312,gene
0.9461968,0.742442822,gene
0.934287685,0.735045205,gene
0.950201454,0.736485952,gene
0.963248073,0.730033104,gene
0.953588336,0.727051199,gene
0.952097881,0.737579608,gene
0.962947201,0.732850923,gene
0.958969508,0.751550177,gene
0.951719015,0.737927379,gene
0.966506805,0.733339891,gene
0.966169858,0.744102854,gene
0.940773624,0.718427176,gene
0.950815412,0.739712583,gene
0.933449945,0.727793432,gene
0.96561452,0.753562987,gene
0.934890631,0.745135051,gene
0.94500848,0.730022296,gene
0.964132688,0.742069318,gene
0.95599766,0.740599309,gene
0.954784775,0.747319961,gene
0.961246683,0.730852105,gene
0.950105935,0.732267572,gene
0.966414048,0.730138791,gene
0.963368474,0.752450817,gene
0.964618701,0.745665679,gene
0.933231987,0.730978322,gene
0.960230922,0.714659283,gene
0.955820507,0.733063505,gene
0.971997092,0.764206984,gene
0.954755727,0.728725465,gene
0.948981761,0.728776687,gene
0.939337183,0.747439219,gene
0.954753553,0.744639693,gene
0.96590988,0.765787658,gene
0.943423087,0.745990747,gene
0.946247644,0.743722753,gene
0.945588212,0.74921728,gene
0.977592769,0.757837066,gene
0.957856704,0.74597088,gene
0.958486625,0.724002918,gene
0.966262177,0.744231186,gene
0.957643449,0.738443706,gene
0.951235345,0.741386562,gene
0.985849056,0.726555113,gene
0.960161482,0.741075921,gene
0.954896891,0.722496593,gene
0.949621806,0.740485042,gene
0.946355708,0.728890833,gene
0.939750023,0.742188777,gene
0.951151774,0.740682066,gene
0.957630305,0.73507927,gene
0.945331199,0.748324556,gene
0.98303001,0.749731007,gene
0.950788103,0.739812218,gene
0.953031408,0.747532496,gene
0.951062455,0.722021098,gene
0.955234221,0.752170934,gene
0.967124828,0.727781067,gene
0.968477941,0.732496909,gene
0.950883338,0.745810919,gene
0.958618025,0.736106446,gene
0.95212516,0.737202277,gene
0.945478723,0.719325126,gene
0.954672336,0.73975361,gene
0.95547717,0.74673015,gene
0.990241044,0.774648724,gene
0.945802005,0.732005111,gene
0.963044005,0.737494755,gene
0.955416881,0.739129782,gene
0.941116884,0.711907747,gene
0.94657695,0.725532539,gene
0.9564336,0.732150798,gene
0.939978089,0.737123478,gene
0.960231627,0.731355169,gene
0.957173439,0.720044549,gene
0.956243598,0.718290538,gene
0.942026772,0.719346814,gene
0.96280024,0.729727813,gene
0.953048062,0.738009537,gene
0.955793045,0.721047611,gene
0.943938895,0.734426694,gene
0.95923382,0.725842843,gene
0.941133482,0.73454552,gene
0.924941663,0.718252315,gene
0.949580965,0.727124883,gene
0.936031659,0.731812279,gene
0.940963722,0.729578921,gene
0.995547914,0.79219768,gene
0.928220767,0.73592705,gene
0.936930365,0.73918297,gene
0.934182686,0.735004388,gene
0.952054563,0.735786958,gene
0.953104972,0.732853254,gene
0.926885298,0.722480008,gene
0.959557013,0.751309131,gene
0.931628533,0.744910188,gene
0.954104044,0.747946132,gene
0.954032017,0.722922212,gene
0.962503165,0.736013854,gene
0.95533302,0.73490042,gene
0.959219731,0.734307516,gene
0.95458718,0.727215656,gene
0.962307671,0.732179395,gene
0.950661257,0.736695772,gene
0.954506385,0.735418444,gene
0.948526246,0.736019607,gene
0.94494461,0.727443225,gene
0.951444766,0.735956791,gene
0.949492857,0.726656676,rf
0.974654229,0.742181077,rf
0.964631845,0.74008297,rf
0.945262771,0.730083916,rf
0.943270122,0.725511463,rf
0.956890507,0.735448813,rf
0.950450006,0.731980431,rf
0.986409711,0.763950754,rfnotDL
0.977458895,0.738931855,rfnotDL
0.979630377,0.757402867,rfnotDL
0.985644685,0.753967778,rfnotDL
0.985994593,0.740867757,rfnotDL
0.984917193,0.745112523,rfnotDL
0.991116135,0.768373974,rfnotDL
0.954737153,0.733902922,fit1
0.953439399,0.734199934,fit1
0.945935111,0.737141107,fit1
0.964757162,0.731995326,fit1
0.930714802,0.72335306,fit1
0.948080366,0.729016796,fit1
0.946780507,0.723118496,fit1
0.94292352,0.745150984,bscl2
0.958712857,0.74181202,bscl2
0.94888433,0.742399783,bscl2
0.951452083,0.753894417,bscl2
0.965692926,0.764291042,bscl2
0.958310549,0.75017371,bscl2
0.944403917,0.74081578,bscl2
0.973443948,0.732530862,gene
0.947791784,0.736084327,gene
0.958313517,0.744312849,gene
0.957178976,0.74865362,gene
0.979161743,0.770259614,gene
0.958907836,0.72081337,gene
0.959473864,0.73720628,gene
0.957203893,0.723126381,gene
0.944349225,0.737418415,gene
0.96487644,0.758723104,gene
0.940909688,0.742980167,gene
0.949058815,0.747376872,gene
0.937428693,0.73171577,gene
0.947012475,0.73823706,gene
0.934322243,0.729738911,gene
0.930467128,0.748649098,gene
0.94470497,0.75022465,gene
0.955955327,0.735600814,gene
0.940813164,0.738918027,gene
0.965333971,0.74023039,gene
0.936938823,0.755934631,gene
0.944720606,0.72024316,gene
0.928097297,0.726150016,gene
0.946238284,0.735169462,gene
0.941903586,0.727827191,gene
0.934414248,0.719586865,gene
0.950828595,0.720194137,gene
0.955047782,0.739182101,gene
0.927309158,0.728605345,gene
0.930193611,0.726172389,gene
0.984237412,0.779642988,gene
0.965043708,0.728188969,gene
0.941636355,0.752525339,gene
0.965160595,0.730082426,gene
0.952070598,0.734966282,gene
0.944096978,0.729212228,gene
0.940244456,0.734263573,gene
0.954802451,0.739481834,gene
0.974053227,0.738473752,gene
0.959051141,0.735753869,gene
0.960098112,0.721692898,gene
0.961175478,0.754578466,gene
0.944255779,0.739386354,gene
0.946324496,0.732479685,gene
0.938567148,0.746550378,gene
0.945125149,0.739332335,gene
0.958320325,0.743471399,gene
0.943178302,0.733424391,gene
0.942011228,0.730795558,gene
0.92392491,0.727573897,gene
0.941328114,0.731122352,gene
0.931098691,0.733591638,gene
0.94554413,0.72484165,gene
0.956729131,0.739728495,gene
0.952807843,0.744579569,gene
0.949191413,0.745733639,gene
0.959727789,0.728182354,gene
0.943623399,0.753420621,gene
0.950410745,0.715550287,gene
0.964894654,0.724214091,gene
0.952977072,0.743773873,gene
0.958267536,0.725466952,gene
0.968759838,0.751110003,gene
0.937992582,0.720893514,gene
0.942081577,0.734366568,gene
0.936509257,0.719849555,gene
0.967021861,0.748389651,gene
0.942941593,0.734760838,gene
0.965608746,0.729199095,gene
0.962140071,0.742883792,gene
0.943659846,0.739866762,gene
0.981882787,0.740571681,gene
0.960100875,0.748286518,gene
0.934550512,0.723922244,gene
0.957231197,0.743782263,gene
0.987886758,0.732180407,gene
0.944624447,0.741359693,gene
0.936373354,0.727349278,gene
0.936654068,0.732598343,gene
0.934113394,0.736101644,gene
0.946103045,0.723513414,gene
0.955787004,0.738597959,gene
0.955170152,0.715736929,gene
0.941692423,0.714466309,gene
0.943061933,0.736840926,gene
0.962991849,0.752705467,gene
0.9547859,0.734418944,gene
0.956248091,0.753080245,gene
0.947375501,0.750906355,gene
0.95998145,0.734522497,gene
0.970155384,0.751854096,gene
0.979487345,0.743158766,gene
0.949676813,0.730502925,gene
0.948031688,0.743196734,gene
0.955959379,0.732797554,gene
0.965673522,0.762581856,gene
0.95332975,0.736634238,gene
0.947871843,0.733620817,gene
0.957109814,0.731880913,gene
0.964394068,0.743386093,gene
0.956042742,0.744713957,gene
0.965161618,0.760964893,gene
0.94122275,0.757679099,gene
0.943285541,0.737995795,gene
0.951177711,0.74823538,gene
0.978884795,0.742977817,gene
0.958677753,0.736336778,gene
0.936904733,0.736582279,gene
0.954955906,0.727937685,gene
0.947596974,0.738508599,gene
0.954391701,0.73692397,gene
0.956471077,0.738720784,gene
0.954895773,0.738668339,gene
0.946938005,0.729034354,gene
0.9431151,0.752987635,gene
0.960655387,0.717321162,gene
0.93995454,0.727926384,gene
0.946061464,0.708812728,gene
0.946337056,0.729568932,gene
0.971880209,0.735624079,gene
0.973823203,0.728314441,gene
0.967998636,0.722109819,gene
0.966608868,0.731295956,gene
0.9702766,0.71993566,gene
0.975300979,0.72144406,gene
0.982680137,0.725250692,gene
0.942681608,0.740946901,gene
0.95638159,0.744549408,gene
0.934735524,0.750987365,gene
0.920832545,0.745535667,gene
0.969004567,0.765161742,gene
0.942553312,0.738276076,gene
0.937426451,0.732481962,gene
0.957970783,0.744200953,gene
0.955150753,0.729121758,gene
0.960870846,0.736540109,gene
0.948668823,0.749409178,gene
0.985533538,0.770995086,gene
0.96028802,0.757640564,gene
0.940792795,0.741133287,gene
0.942495866,0.73882878,bscl2
0.972996564,0.753614549,bscl2
0.944277668,0.763872,bscl2
0.964633493,0.738532385,bscl2
0.955833866,0.750294557,bscl2
0.961105125,0.747751707,bscl2
0.946102523,0.740490545,bscl2
0.991798857,0.734045724,rfnotDL
0.982791414,0.75408248,rfnotDL
0.971678907,0.757695577,rfnotDL
0.986795405,0.746079193,rfnotDL
0.994283622,0.771377661,rfnotDL
0.991997799,0.749666805,rfnotDL
0.992713716,0.774619088,rfnotDL
0.962793473,0.722227299,rf
0.952244749,0.724576386,rf
0.968916907,0.715715681,rf
0.976346413,0.728753135,rf
0.968971343,0.742369593,rf
0.979155812,0.739119362,rf
0.992360214,0.72716094,rf
0.958069838,0.709602112,rf
0.96931814,0.742603723,rf
0.948735876,0.712839992,rf
0.992248894,0.741699242,rf
0.971465549,0.720568944,rf
0.982649065,0.742868144,rf
0.963960116,0.723199399,rf
0.969485414,0.717979417,gene
0.96559495,0.727613724,gene
0.961907355,0.721081595,gene
0.947405799,0.714906334,gene
0.979577571,0.751428113,gene
0.950136129,0.733154444,gene
0.959642304,0.73497501,gene
0.97295979,0.757078236,gene
0.966800682,0.70708471,gene
0.956915056,0.743316028,gene
0.949925473,0.732829895,gene
0.972874827,0.717217367,gene
0.96949556,0.730295122,gene
0.96677667,0.74867364,gene
0.983047837,0.718063944,gene
0.957762232,0.745471758,gene
0.946057194,0.73283161,gene
0.96751104,0.714882566,gene
0.947390241,0.726736481,gene
0.941776659,0.742074783,gene
0.95856145,0.739784998,gene
0.951676927,0.715227451,gene
0.939614311,0.716061855,gene
0.919863606,0.731053984,gene
0.947497006,0.721552427,gene
0.962946132,0.725890092,gene
0.948954291,0.729194524,gene
0.965054574,0.726642796,gene
0.973745905,0.717425109,gene
0.943344921,0.738738485,gene
0.953723916,0.730220749,gene
0.959657709,0.696120335,gene
0.961374292,0.727912131,gene
0.95318203,0.716839186,gene
0.961264738,0.723654532,gene
0.972329008,0.712197599,gene
0.953615253,0.738162376,gene
0.955804327,0.740427931,gene
0.964590736,0.71193589,gene
0.938576588,0.725882419,gene
0.985138816,0.753329814,gene
0.962390873,0.714604172,gene
0.938159245,0.741843981,gene
0.962756805,0.734009211,gene
0.959805449,0.739722524,gene
0.951878066,0.721988373,gene
0.975000673,0.748876009,gene
0.957606112,0.733336427,gene
0.92557757,0.726467188,gene
0.951881962,0.73019232,gene
0.957884857,0.746815713,gene
0.959625287,0.737175539,gene
0.968627308,0.705061903,gene
0.936958229,0.748070432,gene
0.951827292,0.728439112,gene
0.953503338,0.75605392,gene
0.95732475,0.740456273,gene
0.952804002,0.729966332,gene
0.956712873,0.745833349,gene
0.975246366,0.761569064,gene
0.955580248,0.738719842,gene
0.940041486,0.751885697,gene
0.931972295,0.745760196,gene
0.966793216,0.713172873,gene
0.94902821,0.743480429,gene
0.965708075,0.731447638,gene
0.955082221,0.732074275,gene
0.945634585,0.741524211,gene
0.954463772,0.724134117,gene
0.981668142,0.742273066,gene
0.963600541,0.769174458,gene
0.95356791,0.740383623,gene
0.948258603,0.720763155,gene
0.95203936,0.753617678,gene
0.929985993,0.709304599,gene
0.985504637,0.747307462,gene
0.956678505,0.725730817,gene
0.962581004,0.739013455,gene
0.946751593,0.70851135,gene
0.955892732,0.735428462,gene
0.951264427,0.730532686,gene
0.957004384,0.715353195,gene
0.953390085,0.728098592,gene
0.946765514,0.710678352,gene
0.971352419,0.734048455,gene
0.943388169,0.727751494,gene
0.951793972,0.730937246,gene
0.969896446,0.74031436,gene
0.951756791,0.747267596,gene
0.934525502,0.721006441,gene
0.962118487,0.738733085,gene
0.947951095,0.731665068,gene
0.946865778,0.742114223,gene
0.956735002,0.744795903,gene
0.972592149,0.744288934,gene
0.945861249,0.747710584,gene
0.969526548,0.773778807,gene
0.977328357,0.732358515,gene
0.955068365,0.732850403,gene
0.965880092,0.742899134,gene
0.945542,0.74936093,gene
0.934414803,0.72892709,gene
0.954026186,0.743178209,gene
0.946959741,0.747776926,gene
0.976388164,0.748190902,gene
0.93584641,0.736866395,gene
0.941814319,0.727150598,gene
0.964938286,0.740091869,gene
0.957103272,0.736126193,gene
0.965274163,0.684227405,gene
0.984540204,0.712063934,gene
0.954141987,0.722525614,gene
0.98480337,0.751309138,gene
0.948728176,0.744818305,gene
0.955082128,0.726928237,gene
0.955482194,0.712524562,gene
0.958202157,0.733324882,gene
0.956900005,0.745294206,gene
0.969147493,0.716943088,gene
0.964403687,0.725310366,gene
0.958291962,0.743377128,gene
0.974061309,0.750938075,gene
0.922960562,0.723585073,gene
0.948817606,0.733496668,gene
0.944105269,0.737979163,gene
0.948021746,0.730948511,gene
0.942978464,0.715536267,gene
0.95391197,0.725501655,gene
0.946342804,0.743047273,gene
0.942955397,0.71808915,gene
0.960217754,0.745610046,gene
0.959315793,0.738335391,gene
0.936517594,0.731774963,gene
0.930200721,0.727008712,gene
0.941480054,0.732153794,gene
0.957927691,0.750703136,gene
0.948072516,0.750255706,gene
0.959468162,0.73723289,gene
0.957366929,0.735916267,gene
0.921039486,0.755641499,gene
0.959437804,0.731892437,rf
0.966202728,0.738122915,rf
0.965656126,0.736515331,rf
0.939494671,0.713868681,rf
0.970341097,0.714448716,rf
0.93584176,0.722031678,rf
0.936088035,0.726960429,rf
0.995072225,0.751798079,rfnotDL
0.978279246,0.757183743,rfnotDL
0.953625949,0.735026905,rfnotDL
0.979068486,0.771710107,rfnotDL
0.990892666,0.723569103,rfnotDL
0.978231256,0.737688231,rfnotDL
0.996565418,0.745519538,rfnotDL