Symbol,X1.Jan.18,X2.Jan.18,X3.Jan.18,X4.Jan.18,X5.Jan.18
A,66.97,67.6,69.32,68.8,69.9
AA,53.87,55.17,54.5,54.7,54.09
AAC,9,9.27,9.25,9.32,9.12
AAN,39.85,39.47,39.67,39.83,39.94
AAP,99.69,106.09,107.05,111,112.18
AAT,38.24,38.16,37.82,37.12,37.14
AB,25.05,25.2,25.45,25.85,26.2
ABB,26.82,27.02,27.22,27.45,27.63
ABBV,96.71,98.41,99.95,99.38,101.11
ABC,91.82,94.04,94.39,94.18,95.32
ABEV,6.46,6.61,6.65,6.64,6.67
ABG,64,63.25,63.5,64.1,66.55
ABM,37.72,37.75,37.72,38.33,39.02
ABR,8.64,8.64,8.57,8.55,8.56
ABT,57.07,58.79,58.92,58.82,58.99
ABX,14.47,15.2,15,15.03,14.95
AC,34.1,34.15,34.2,34.3,34.15
ACC,41.03,40.99,40.31,39.59,39.64
ACCO,12.2,12.5,12.15,12.3,12.35
ACH,17.93,18.9,19.32,19.35,19.37
ACM,37.15,37.72,38.61,38.95,38.28
ACN,153.09,153.84,154.55,156.38,157.67
ACP,14.03,14.13,14.25,14.39,14.54
ACRE,12.9,12.79,12.55,12.55,12.59
ACV,21.84,22.06,22.2,22.26,22.27
ADC,51.44,51.43,51.34,50.51,50.57
ADM,40.08,40.09,39.78,40.45,40.18
ADNT,78.7,79.29,78.48,82.36,83.87
ADS,253.48,255.33,260.07,264.05,264.76
ADSW,23.94,23.45,23.63,23.78,23.72
ADX,15.03,15.1,15.22,15.35,15.38
AEB,24.19,24.26,24.24,24.3,24.4
AED,25.95,25.76,25.76,25.765,25.81
AEE,58.99,58.39,58.09,57.43,57.39
AEG,6.3,6.34,6.34,6.41,6.42
AEH,25.82,25.73,25.74,25.67,25.73
AEL,30.73,30.82,30.81,31.57,31.87
AEM,46.18,46.73,46.46,46.86,47.02
AEO,18.8,19.17,18.32,18.25,18.06
AEP,73.57,72.41,71.8,70.95,70.8
AER,52.61,52.63,52.68,52.97,53.27
AES,10.83,10.88,10.87,10.83,10.87
AFB,13.4,13.43,13.55,13.45,13.42
AFC,25.48,25.42,25.33,25.47,25.48
AFG,108.54,106.77,107.09,106.95,107.19
AFGE,26.22,25.76,25.91,25.9,25.98
AFGH,26.22,25.85,25.9,26.15,26.29
AFI,16.92,17.26,17.01,17.09,16.98
AFT,16.22,16.34,16.37,16.34,16.33
AG,6.74,7.22,7.04,7.05,6.96
AGCO,71.43,71.63,72.02,72.06,72.54
AGD,10.8,10.86,10.99,11.07,11.12
AGI,6.51,6.66,6.73,6.76,6.73
AGM,78.24,78.87,77.46,76.56,76.8
AGN,163.58,170.32,170.14,171.58,172.29
AGO,33.87,34.03,33.27,33.81,33.82
AGR,50.58,50.11,49.5,48.96,48.73
AGRO,10.34,10.34,10.56,10.51,10.35
AGX,45,46.35,45.5,45.35,45.75
AHC,4.8,4.9,4.8,4.8,4.85
AHH,15.53,15.53,15.4,15.13,15.07
AHL,40.6,40.15,40.3,40.5,40
AHT,6.73,6.83,6.6,6.51,6.57
AI,11.78,11.78,11.67,11.73,11.75
AIC,24.24,24.16,24.3,24.39,24.46
AIF,15.75,15.78,15.82,15.8,15.77
AIG,59.58,59.5,60.16,60.4,60.65
AIN,61.45,62.05,61.7,62.3,62.5
AIR,39.29,39.45,39.14,38.75,38.83
AIT,68.1,67.95,69.4,69.85,70.4
AIV,43.71,43.45,43.51,42.82,42.56
AIW,24.435,24.5,24.5,24.75,24.75
AIY,26.07,25.69,25.95,25.69,25.84
AIZ,100.84,99.23,99.51,100.05,101.31
AJG,63.28,62.17,62.64,63.22,63.51
AJRD,31.2,31.16,30.68,30.74,31.14
AJX,13.82,13.9,13.9,13.88,13.87
AJXA,25.38,25.35,25.35,25.32,25.32
AKR,27.36,27.75,27.46,26.86,26.78
AKS,5.66,6.24,6.34,6.55,6.61
AL,48.09,48.03,48.19,47.96,48.45
ALB,127.89,131.53,131.79,130.22,131.72
ALE,74.36,73.8,73.4,72.92,73.55
ALEX,27.74,28.12,27.98,27.77,27.63
ALG,112.87,112.31,111.47,111.47,111.84
ALK,73.51,75.01,74.66,73.85,73.74
ALL,104.71,101.92,101.98,100.8,101.87
ALLE,79.56,79.91,80.25,81.37,81.57
ALLY,29.16,29.43,29.29,29.72,30.22
ALSN,43.07,43.86,44.16,44.89,44.49
ALX,395.85,398.73,397.26,392.87,392.49
AM,29.04,29.2,29.79,30.25,30.68
AMC,15.1,15.4,15,14.45,14.1
AME,72.47,72.75,73.39,73.98,73.79
AMG,205.25,203.04,202.12,198.54,199.47
AMH,21.84,21.49,21.48,21.13,20.93
AMID,13.35,13.65,14.05,13.95,13.95
AMN,49.25,49.6,48.45,49.2,49.5
AMOV,17.005,17.31,17.14,17.195,17.19
AMP,169.47,169.91,169.07,169.69,170.27
AMRC,8.6,8.7,8.8,9,8.75
AMT,142.67,141.13,141.68,139.61,140.51
AMX,17.15,17.48,17.29,17.26,17.43
AN,51.33,52.47,53.75,54.65,55.58
ANET,235.58,231.03,235.6,232.69,236.77
ANF,17.43,18.2,18.53,18.2,18.28
ANFI,4.17,4.16,4.17,4.21,4.16
ANH,5.44,5.37,5.31,5.31,5.38
ANTM,225.01,226,229.15,230.21,234.34
AOD,9.47,9.41,9.47,9.51,9.62
AON,134,131.49,133.59,135.42,136.57
AOS,61.28,61.53,61.9,62.19,62.99
AP,12.4,12.9,12.6,14,14.3
APA,42.22,44.3,45.33,46.84,46.39
APAM,39.5,38.65,37.95,38.15,38.75
APB,14.415,14.38,14.46,14.53,14.59
APC,53.64,54.77,54.77,55.65,55.02
APD,164.08,165.51,166.41,167.05,168.45
APH,87.8,87.8,88.94,88.63,89.71
APLE,19.61,19.6,19.54,19.3,19.27
APO,33.47,33.6,34.27,34.31,34.48
APRN,4.03,4.13,4.1,3.99,3.91
APTS,20.25,20.19,19.71,18.88,19
APTV,84.83,86.11,87.54,88.91,91.57
APU,46.23,46.97,47.85,47.75,47.55
AQ,11.33,11.35,11.25,10.97,10.97
AQN,11.16,11.12,10.78,10.66,10.87
AQUA,23.71,23.82,23.77,23.73,24.05
AR,19,19.78,19.78,19.8,19.44
ARA,17.4,17.64,17.65,18.04,18.37
ARC,2.55,2.55,2.48,2.58,2.46
ARCH,93.16,95.43,93.77,92.4,92.72
ARCO,10.35,10.2,10.08,10.2,9.7
ARD,21.1,21.04,21.14,20.94,21
ARDC,16.42,16.46,16.5,16.52,16.56
ARE,130.59,129.93,129.32,126.74,127
ARES,20,20.2,20.15,20,20.1
ARI,18.45,18.32,18.28,18.3,18.2
ARL,12.85,11.95,12.16,12.61,12.69
ARMK,42.74,43.28,43.23,42.88,42.72
ARNC,27.25,27.76,27.98,29.32,29.61
AROC,10.5,10,9.9,9.55,9.65
ARR,25.72,25.52,24.95,25.05,25.2
ARW,80.41,81.22,81.76,82.75,83.63
ASA,11.32,11.56,11.52,11.54,11.56
ASB,25.4,25.4,25.3,25.35,25.5
ASC,8,8.1,8.25,8.15,8
ASG,5.54,5.53,5.55,5.59,5.61
ASGN,64.27,63.36,63.11,64.19,65.25
ASH,71.2,73.13,73.59,73.69,74.08
ASIX,42.07,42.6,43.25,43.27,43.08
ASPN,4.88,4.98,4.99,5.06,5.09
ASR,182.51,190.13,191.94,191.45,191.99
AT,2.35,2.4,2.35,2.3,2.3
ATEN,7.72,7.75,7.72,7.74,7.73
ATGE,42.05,43.25,44.3,44.15,44.1
ATH,51.71,50.9,50.66,50.94,51.11
ATHM,64.67,71.66,72.28,73.3,73.71
ATI,24.14,25.62,26.11,26.64,26.67
ATKR,21.45,21.73,21.59,21.68,21.75
ATO,85.89,85.04,84.34,83.98,83.19
ATR,86.28,87.01,87.19,86.01,86.91
ATTO,10.15,9.9,9.9,9.85,10.1
ATU,25.3,25.05,25.25,25.55,25.6
ATUS,21.23,21.44,21.67,21.53,21.24
ATV,17.64,18.5,18.4,19.15,19.65
AU,10.19,10.52,10.6,10.61,10.67
AUO,4.16,4.2,4.27,4.25,4.32
AUY,3.12,3.29,3.21,3.26,3.25
AVA,51.49,51.5,51.3,51.38,51.79
AVAL,8.5,8.66,8.81,8.96,8.96
AVB,178.41,177.24,177.79,174.61,174.26
AVD,19.65,19.8,20.35,20.7,20.85
AVH,8.03,8.18,8.08,8.16,7.99
AVK,15.88,16.02,15.96,16.04,16.18
AVP,2.15,2.18,2.22,2.18,2.21
AVX,17.3,17.54,18.04,18.1,18.26
AVY,114.86,115.68,116.01,116.78,118.16
AWF,12.76,12.74,12.82,12.77,12.77
AWI,60.55,61.5,62.7,63,63.55
AWK,91.49,89.08,88.45,87.61,86.75
AWP,6.74,6.79,6.77,6.8,6.82
AWR,57.91,56.4,56.35,55.88,55.52
AXE,76,76.15,76.15,76.3,76.05
AXL,17.03,17.47,17.58,18.24,18.37
AXP,99.31,98.94,99.55,100.85,101.08
AXR,7.02,6.91,7,7.02,7.02
AXS,50.26,49.27,49.37,49.89,49.39
AXTA,32.36,32.04,32.29,32.22,32.77
AYI,176,179.81,177.64,180.6,185.36
AYR,23.39,23.38,23.59,23.67,23.78
AYX,25.27,26.17,27.07,26.63,27.09
AZN,34.7,35.38,35.45,35.5,35.87
AZO,711.37,736.54,749.43,761.26,775.5
AZRE,14.2,14.56,14.78,15.61,15.85
AZUL,23.83,24.83,24.56,24.96,24.91
AZZ,51.1,51.25,51.75,51.7,50.65
B,63.27,64.36,64.01,65.1,64.69
BA,294.91,296.84,297.8,296.67,308.84
BABA,172.43,183.65,184,185.71,190.7
BAC,29.52,29.9,29.8,30.19,30.33
BAF,14.81,14.82,14.94,14.95,14.89
BAH,38.13,37.96,38.06,38.04,38.36
BAM,43.54,43.05,43.23,43.66,43.65
BANC,20.65,20.7,20.55,20.7,20.95
BAP,207.43,213.58,217.46,219.4,223.17
BAS,23.47,24.55,24.93,25.53,25.6
BAX,64.64,67.17,68.25,68.41,69.18
BB,11.17,12.02,13.53,13.37,13.83
BBF,14.02,14.04,14.11,14.11,14.08
BBK,15.15,15.02,15.11,15.16,15.12
BBL,40.3,41.66,42,42.15,42.48
BBN,23.19,23.15,23.3,23.39,23.27
BBT,49.72,49.92,50.46,51.07,51.23
BBU,34.52,34.61,34.56,36.09,37.99
BBVA,8.5,8.54,8.54,8.68,8.77
BBW,9.2,9.35,9.5,9.25,9.15
BBX,7.97,8.19,8.16,8.26,8.36
BBY,68.47,69.16,68.4,67.28,68.87
BC,55.22,55.99,56.25,55.77,56.76
BCC,39.9,38.75,39.35,39.1,40.05
BCE,48.01,47.8,47.47,47.58,47.57
BCEI,27.59,27.2,28.6,28.15,28.06
BCO,78.7,79.8,79.55,79.4,79.95
BCRH,12.05,12.05,12.1,12.2,12.2
BCS,10.9,11.03,10.99,11.05,10.77
BCX,9.77,9.92,9.91,9.96,10.06
BDC,77.17,79,79.29,81.6,82.77
BDJ,9.23,9.22,9.25,9.31,9.32
BDN,18.19,18.15,18.13,17.69,17.79
BDX,214.06,217.84,219.99,220.99,222.08
BDXA,57.9,58.82,59.21,59.34,59.59
BEDU,18.67,20.07,20.02,20.24,20.88
BEN,43.33,43.25,43.45,43.3,43.57
BEP,34.91,34.92,34.73,34.28,34.46
BERY,58.67,59.41,59.67,59.98,61.03
BFAM,94,94.03,94.16,94.59,95.75
BFK,14.09,14.09,14.25,14.22,14.24
BFO,14.42,14.46,14.44,14.45,14.47
BFS,61.75,61.86,59.6,58.95,58.84
BFZ,13.78,13.8,13.92,13.89,13.87
BG,67.08,67.99,69.45,70.47,69.94
BGB,15.71,15.69,15.75,15.78,15.84
BGG,25.37,25.28,25.04,25.02,25.02
BGH,19.38,19.36,19.41,19.49,19.43
BGIO,9.8,9.8,9.84,9.8,9.83
BGR,14.18,14.42,14.83,14.89,14.95
BGS,35.15,35.25,35,34.65,34.6
BGT,13.92,14.22,14.13,14.04,14.04
BGX,15.92,15.97,15.93,15.84,15.92
BGY,6.52,6.57,6.57,6.7,6.68
BHE,29.1,29.05,29.6,29.65,29.95
BHGE,31.64,32.23,33.53,34.63,34.44
BHK,14.04,14.1,14.08,14.1,14.03
BHLB,36.6,36.8,36.35,36.8,37.25
BHP,45.99,47.52,47.71,47.8,48.14
BHVN,26.98,28.09,28.42,28.85,29.96
BID,51.6,52.56,51.99,51.41,51.34
BIF,11.09,11.06,11.12,11.14,11.18
BIG,56.15,55.9,54.94,56.65,57.94
BIO,238.67,241.42,250.47,248.49,249.05
BIP,44.81,44.64,43.95,43.67,43.81
BIT,18.15,18.03,18.08,18.19,18.27
BITA,31.8,32.85,34.35,35.43,36.99
BK,53.86,53.82,54.15,54.69,54.83
BKD,9.7,10.18,10.02,9.85,9.68
BKE,23.75,24.3,24.55,22.35,21.65
BKH,60.11,59.14,58.62,58.27,57.41
BKI,44.15,45.85,45.8,46.95,46.8
BKK,15,15.01,15.07,15.14,15.13
BKN,14.92,14.92,15,14.97,14.94
BKT,6.17,6.19,6.17,6.14,6.11
BKU,40.72,40.4,40.42,40.71,40.66
BLD,75.74,74.99,75.84,76.12,77.51
BLK,513.71,508.97,514.34,521.13,525.57
BLL,37.85,38.63,38.53,38.35,38.59
BLW,15.89,16,16.01,15.91,16.05
BLX,26.9,27.17,27.07,27.17,28.81
BMA,115.88,116.94,116.75,115.22,116.08
BME,36.5,36.44,36.62,36.51,36.5
BMI,47.8,47.5,47.35,47.1,47.1
BMO,80.02,80.21,80.34,81.29,82.04
BMY,61.28,61.31,61.36,61.75,61.89
BNED,8.24,8.48,8.22,8.1,7.76
BNS,64.53,65.14,65.1,65.52,66.49
BNY,14.3,14.23,14.27,14.22,14.17
BOE,12.51,12.75,12.86,12.92,12.91
BOH,85.7,85.82,85.56,85.23,85.72
BOOT,16.61,17.33,17.26,17.06,16.94
BOX,21.12,21.49,21.68,22.33,21.45
BP,42.03,42.38,42.87,43.04,43.1
BPL,49.55,50.78,53.11,52.77,52.53
BPMP,20.57,20.3,21.18,21.86,21.27
BPT,20.1,21.2,21.35,21.5,21.4
BQH,14.72,14.71,14.73,14.77,14.77
BR,90.58,90.8,90.72,91.44,92.56
BRC,37.9,39.6,39.3,38.8,38.65
BRFS,11.26,11.43,11.43,11.55,12.1
BRT,11.79,11.63,11.83,11.71,12.15
BRX,18.66,18.73,18.32,18.02,17.92
BSAC,31.27,32.37,32.41,32.61,33.33
BSBR,9.67,9.99,10.01,10.12,10.21
BSD,13.68,13.73,13.8,13.85,13.8
BSE,13.16,13.17,13.22,13.17,13.19
BSL,18,17.98,18.05,18.1,17.73
BSM,17.94,17.98,18.11,18.44,18.37
BSMX,7.31,7.63,7.63,7.68,7.68
BST,26.69,27.34,27.79,28.38,28.32
BSX,24.79,25.28,25.56,25.32,25.97
BT,18.22,18.81,18.47,18.39,18.49
BTA,12,11.98,12.06,11.99,12.005
BTE,3,3.1,3.26,3.28,3.11
BTI,66.99,67.18,66.62,66.31,67.29
BTO,39.33,38.76,38.56,39.26,38.89
BTT,22.34,22.37,22.54,22.58,22.48
BTU,39.37,39.43,39.15,39.48,39.95
BTZ,13.32,13.14,13.26,13.24,13.28
BUD,111.56,112.42,113.29,113.6,114.74
BUI,21.62,21.34,21.06,21.21,21.26
BURL,123.03,122.24,121.35,122.47,124.43
BVN,14.08,14.52,14.62,15.02,14.84
BW,5.68,5.8,5.77,5.97,6.05
BWA,51.09,51.78,52.04,53.73,55.29
BWG,12.77,12.84,12.95,13.05,13.13
BWXT,60.49,60.53,61.06,61.06,61.44
BX,32.02,32.52,33,33.26,33.01
BXC,9.76,9.78,10.09,10.2,10.22
BXE,1.72,1.76,1.72,1.76,1.67
BXG,18.26,17.81,18,18.73,18.1
BXMT,32.18,31.83,31.65,31.64,31.64
BXMX,14.25,14.26,14.31,14.28,14.25
BXP,130.03,129.28,129.35,126.48,127.86
BXS,31.45,31.6,31.45,31.35,32.05
BY,22.97,22.86,22.35,22.04,22.16
BYD,35.05,34.48,34.92,35.11,36.8
BYM,14.19,14.15,14.26,14.255,14.18
BZH,19.21,19.83,20.6,20.1,20.32
C,74.41,74.36,74.59,75.51,75.41
CABO,703.35,708.24,707.17,705.06,710.7
CACI,132.35,134.15,137.8,136.6,137.15
CADE,27.12,27.01,27.27,27.51,27.45
CAE,18.56,18.75,18.63,18.79,18.93
CAF,23.38,23.82,24.12,25.2,25.41
CAG,37.67,37.52,37.33,37.94,38.06
CAH,61.27,63.23,62.86,63.66,63.22
CAI,28.32,29.68,29.41,28.98,29.07
CAJ,37.4,37.58,37.95,38.21,38.01
CAL,33.48,33.56,32.57,32.25,32.29
CALX,5.95,5.8,5.75,5.7,5.7
CAPL,23.75,24.03,24.49,24.55,24.3
CARS,28.84,28.99,29.2,29.98,31.18
CAT,157.58,157.04,157.28,159.44,161.96
CATO,15.92,16.23,15.27,13.29,13.11
CB,146.13,142.3,143.42,144,144.26
CBB,20.85,21.15,20.1,19.95,18.2
CBD,23.57,23.94,23.96,24.06,23.91
CBH,9.1,9.14,9.17,9.33,9.44
CBL,5.66,5.94,5.83,5.63,5.71
CBM,48,51.55,51.05,50.8,50.7
CBPX,28.15,28.55,28.3,28.45,30.85
CBS,59,59.17,59.2,58,57.58
CBT,61.59,62.54,62.85,62.88,65.44
CBU,53.75,53.87,53.44,53.35,53.88
CBZ,15.45,15.7,16.05,16.1,15.95
CC,50.06,51.74,51.41,51.12,51.33
CCI,111.01,108.93,108.47,107.21,108.03
CCJ,9.23,9.69,9.68,9.78,9.79
CCK,56.25,56.93,57.09,57,56.74
CCL,66.37,66.75,66.9,66.85,66.3
CCM,3.33,3.44,3.4,3.33,3.38
CCO,4.6,4.75,4.85,4.75,4.75
CCR,15.65,15.9,15.95,15.95,16
CCS,31.1,31.9,33.65,34.05,34.45
CCU,29.58,30.05,29.7,29.57,29.59
CCZ,62.845,59.5,57.87,57.37,57.37
CDE,7.5,7.97,7.51,7.55,7.42
CDR,6.08,6.16,6.06,5.93,5.96
CE,107.08,106.76,107.18,107.24,108.25
CEA,36.14,36.22,38.29,38.55,41.7
CEE,24.39,24.59,24.61,24.96,25.34
CEIX,39.51,38.44,37.01,35.71,35
CEL,10.2,10.33,10.31,10.43,10.45
CELP,6,6.05,6.15,6.24,6.43
CEM,15.27,16.25,16.6,16.46,16.44
CEN,9.96,10.14,10.38,10.59,10.63
CEO,143.56,147.54,151.7,154.04,154.51
CEQP,25.8,26.05,26.45,26.1,25.65
CF,42.54,43.14,43.15,43.6,43.67
CFG,41.98,42.68,43.17,43.68,43.88
CFR,94.65,95.22,95.13,94.76,95.72
CFX,39.62,39.82,40.21,40.56,40.75
CGA,1.24,1.25,1.25,1.44,1.6
CHA,47.47,48.14,48.04,48.1,48.34
CHCT,28.1,28.03,27.58,27.49,27.23
CHD,50.17,49.43,49.11,49.94,50.07
CHE,243.02,246.98,248.22,252.54,255.78
CHGG,16.32,16.55,16.77,16.66,16.79
CHH,77.6,77,77.6,77.25,76.75
CHK,3.96,4.1,4.07,4.05,3.99
CHKR,1.85,1.85,1.85,1.85,1.8
CHL,50.54,50.76,50.05,50.08,50.31
CHMI,17.99,18,17.64,17.55,17.7
CHN,21.65,22.19,22.13,22.13,22.42
CHS,8.82,9.01,9.06,8.68,8.77
CHSP,27.09,27.53,27.28,26.93,27.02
CHT,35.44,36.11,36.18,36.2,36.57
CHU,13.53,13.93,13.94,13.92,13.97
CI,203.09,202.56,205.96,207.04,210.55
CIA,7.35,7.52,7.57,7.61,7.59
CIB,39.66,40.83,41.05,42.19,43.09
CIEN,20.93,21.22,21.4,21.78,21.54
CIF,2.94,2.96,2.98,2.98,2.96
CIG,2.06,2.14,2.14,2.09,2.09
CII,16.38,16.4,16.42,16.55,16.55
CIM,18.48,18.21,18.09,18.15,18.11
CINR,25.11,25.8,25.85,26,26.27
CIO,13.01,12.96,12.89,12.79,12.89
CIR,48.68,49.68,49.28,50.93,50.68
CISN,11.87,12.13,12.03,12,12
CIT,49.23,49.93,50.45,51.04,51.16
CJ,33.47,33.84,33.56,34.31,34.22
CKH,46.22,47.74,48.37,48.81,49.15
CL,75.45,75.14,74.85,75.33,75.42
CLB,109.55,111.99,113.09,115.27,115.91
CLDR,16.52,17.39,17.53,17.25,17.25
CLDT,22.76,22.82,22.59,22.39,22.42
CLF,7.21,7.9,7.85,8.04,8.13
CLGX,46.21,45.51,45.62,46.37,45.98
CLH,54.2,53.36,53.62,55.48,54.58
CLI,21.56,21.67,21.57,21.19,21.36
CLPR,9.99,10,9.96,9.87,10.01
CLR,52.97,54.26,54.94,55.11,55.24
CLS,10.48,10.6,10.55,10.67,10.71
CLW,45.4,46.2,46.15,46.8,48.4
CLX,148.74,144.99,143.43,145.69,145.73
CM,97.41,97.88,98.12,99.06,99.88
CMA,86.81,86.57,86.54,87.51,88.47
CMC,21.32,22.77,24.3,24.48,24.9
CMCM,12.08,11.92,11.4,14.22,14.04
CMD,102.87,101.35,102.24,106.46,106.08
CMG,289.03,292.95,309,307.11,313.79
CMI,176.64,177.06,179.01,181.75,181.46
CMO,8.65,8.6,8.54,8.66,8.72
CMP,72.25,74.95,74.7,75.15,74.25
CMRE,5.77,6.02,6.06,6.14,6.14
CMS,47.3,46.95,46.66,46.14,45.81
CMU,4.62,4.64,4.65,4.66,4.65
CNA,53.05,52.42,52.67,53.04,53.05
CNC,100.88,102.59,104.43,102.5,105.49
CNDT,16.16,16.54,16.25,16.27,16.16
CNHI,13.4,13.55,13.58,13.94,14.05
CNI,82.5,83.28,83.43,84.26,84.95
CNK,34.82,35.13,34.97,33.99,34.17
CNNE,17.03,16.96,16.93,17.04,16.94
CNO,24.69,24.48,24.31,24.91,24.99
CNP,28.36,28.02,27.96,27.99,27.87
CNQ,35.72,36.54,37.15,37.25,36.53
CNS,47.29,47.67,47,47.47,46.45
CNX,14.63,15.07,15.24,15,14.79
CO,9.95,9.97,9.81,9.6,9.54
CODI,16.95,16.9,17.4,17.55,17.4
COE,12.5,12.15,12.18,12.76,13.14
COF,99.58,99.61,99.44,101.42,101.43
COG,28.6,28.9,29.03,28.91,28.76
COO,217.88,220.62,226.74,223.55,230.5
COP,54.89,55.32,56.34,56.99,56.88
COR,113.9,112.6,111.29,111.57,111.8
CORR,38.2,38.89,38.14,37.84,37.73
COT,16.66,16.6,16.5,16.44,16.58
COTY,19.89,19.88,19.77,20.08,20.4
CP,182.76,183.25,183.68,183.97,184.76
CPA,134.06,137.82,136.89,134.75,134.14
CPAC,12.4,12.45,12.45,12.4,12.45
CPB,48.11,47.39,46.72,47.11,47.29
CPE,12.15,12.5,12.19,12.4,12.38
CPF,29.83,29.83,29.72,29.65,29.92
CPG,7.62,8,8.28,8.37,8.17
CPK,78.55,77.4,76.05,76.05,76
CPL,11.5,11.8,11.71,11.66,11.52
CPS,122.5,122.28,123.27,127.67,130.71
CPT,92.06,91.5,91.68,88.69,88.38
CR,89.22,89.71,90.03,91.06,91.35
CRC,19.44,19.99,20.37,21.09,20.79
CRCM,18.04,18.65,19.06,19.25,19.49
CRH,36.09,36.39,36.62,37.55,37.61
CRI,117.49,117.85,116.57,117.39,117.13
CRK,8.46,9.01,9.34,9.35,9
CRL,109.45,110.65,110.31,109.47,111.88
CRM,102.23,104.41,105.29,106.68,108.1
CRR,10.18,10.48,11.19,11.99,11.74
CRS,50.99,53.07,52.66,53.62,52.73
CRT,14.69,14.85,15.09,15.13,15.09
CRY,19.15,19.1,19.1,19.25,19.45
CS,17.85,17.88,18.06,18.29,18.1
CSL,113.65,116.99,118.1,118.14,117.94
CSLT,3.75,3.8,3.85,3.85,3.85
CSS,27.83,27.87,27.95,27.77,27.98
CSTM,11.15,11.45,11.65,11.95,11.8
CSU,13.49,14.07,13.87,13.58,12.99
CSV,25.71,25.96,26.21,26.46,26.42
CTAA,24.71,24.1,24.1,24.33,24.68
CTB,35.35,35.45,35.35,36.5,37.25
CTBB,22.52,21.42,21.81,22,22.42
CTDD,22.88,21.91,22.13,22.43,22.77
CTL,16.68,17.41,17.08,16.97,17
CTLT,41.08,42.04,42.35,41.78,41.66
CTR,11.62,11.87,12.24,12.48,12.38
CTS,25.75,26.5,26.25,26.75,26.85
CTT,13.13,13.1,13.19,13.16,13.26
CTV,23.54,22.44,22.42,22.77,23.16
CTY,22,20.7,21.08,21.4,21.9
CTZ,22.64,21.66,21.91,22.13,22.55
CUB,58.95,59.15,58.65,59.05,59.35
CUBE,28.92,28.54,28.97,28.09,28.09
CUBI,25.99,26.65,27.95,27.68,27.42
CUK,66.28,66.96,66.89,66.78,66.36
CULP,33.5,32,31.25,31.85,32.15
CURO,14.08,14.05,14.02,14.13,14.49
CUZ,9.25,9.31,9.31,9.06,9.13
CVA,16.9,16.85,16.8,16.85,16.55
CVE,9.13,9.74,10.3,10.36,10.12
CVEO,2.73,2.89,2.92,2.89,2.94
CVI,37.24,37.47,37.37,37.71,39.14
CVNA,19.12,18.31,18.37,18.75,19.71
CVRR,16.55,16.85,16.45,16.15,16.5
CVS,72.5,73.52,73.2,75.13,78.45
CVX,125.19,127.58,128.51,128.11,127.9
CW,121.85,122.69,122.64,123.01,123.3
CWH,44.73,45.55,45.77,45.05,44.9
CWT,45.35,44.7,44.25,43.85,43.5
CX,7.5,7.74,7.88,7.95,7.89
CXE,5.24,5.31,5.29,5.28,5.33
CXH,9.71,9.79,9.93,9.93,9.92
CXO,150.22,151.9,152.59,153.61,155.6
CXP,22.95,22.72,22.84,22.35,22.36
CXW,22.5,22.55,22.86,22.59,22.73
CYD,24,24.44,24.74,24.83,24.74
CYH,4.26,4.48,4.11,4.25,4.08
CZZ,9.7,10.21,10.09,10.18,10.47
D,81.06,80.28,77.19,76.83,76.84
DAC,1.45,1.45,1.5,1.55,1.6
DAL,56,56.74,55.69,55.69,55.97
DAN,32.01,31.85,32.16,33.3,34.36
DAR,18.13,18.31,18.24,18.42,18.2
DB,19.03,19.33,19.16,19.77,18.55
DBD,16.35,17.4,17.2,16.9,17.35
DBL,22.19,22.25,22.42,22.33,22.19
DCF,9.4,9.44,9.75,9.8,9.765
DCI,48.95,48.96,48.94,49.15,49.56
DCO,28.45,28.65,28.52,28.78,28.4
DCP,36.33,37.47,38.65,39.23,38.34
DCUD,51.66,51.34,50.62,50.6,50.59
DDD,8.64,9.06,9.31,9.36,9.39
DDF,10.73,10.845,10.85,10.84,10.88
DDS,60.05,60.62,59.38,57.25,58.35
DDT,25.86,25.78,25.79,25.79,25.8
DE,156.51,158.01,158.73,159.64,160.32
DEA,21.34,21.28,21.03,20.73,20.85
DECK,80.25,80.25,79.35,78.96,78.96
DEI,41.06,41.08,40.67,40.06,39.78
DEO,146.03,145.13,145.56,144.72,144.93
DESP,27.48,29.03,28.37,27.33,28.23
DEX,12.13,12.16,12.18,12.25,12.29
DF,11.56,11.61,11.55,11.61,11.44
DFIN,19.49,19.84,19.79,20.01,20.01
DFP,26.67,26.61,26.66,26.53,26.61
DFS,76.92,76.91,77.48,78.25,78.16
DG,93.01,94.06,93.99,95.09,95.72
DGX,98.49,98.9,99.25,99.08,99.91
DHF,3.34,3.3,3.33,3.36,3.36
DHI,51.07,51.06,52.86,52.07,52.49
DHR,92.82,92.44,93.67,94.12,94.71
DHT,3.59,3.73,3.82,3.86,3.84
DHX,1.9,2,1.95,1.95,1.85
DIAX,18.84,18.93,18.69,18.68,18.75
DIN,50.73,51.94,51.95,51.71,51.46
DIS,107.51,111.8,112.28,112.23,111.62
DK,34.94,35.83,36.05,36.39,37.13
DKL,31.7,32.3,33.95,33.55,33.05
DKS,28.74,29.49,30.28,30.72,31.03
DKT,26.13,25.88,25.92,25.87,25.92
DL,9.27,9.5,9.5,9.67,9.89
DLB,62,63.04,63.21,63.07,63.52
DLNG,10.86,11.72,11.83,12.41,12.22
DLPH,52.47,55.01,53.97,56.41,56.48
DLR,113.9,112.66,113.69,112.28,113
DLX,76.84,76.96,76.04,76.51,77.24
DM,30.45,30.7,31.85,31.55,31.35
DMB,13,13,13.12,13.08,13.02
DMO,24.67,24.51,24.99,25.08,25.45
DNB,118.41,117.79,118.33,118.46,119.77
DNI,13.43,13.31,13.35,13.4,13.47
DNOW,11.03,11.55,11.45,11.72,11.72
DNP,10.8,10.88,10.73,10.76,10.7
DNR,2.21,2.29,2.32,2.38,2.31
DO,18.59,19.31,19.77,19.48,19.05
DOC,17.99,17.79,17.78,17.49,17.39
DOOR,74.15,74.15,74.3,73.75,74
DPG,15.52,15.75,15.78,15.83,15.96
DPLO,20.07,21.01,21.08,20.77,22.99
DPZ,188.96,186.94,191.66,197.29,200.3
DQ,59.44,62.57,63.14,62.5,64.78
DRD,3.26,3.27,3.32,3.21,3.2
DRE,27.21,26.89,26.81,26.3,26.46
DRH,11.29,11.37,11.27,11.18,11.21
DRI,96.02,96.32,98.54,98.52,99.31
DRQ,47.7,49.45,50.75,52.35,52.95
DRUA,25.57,25.11,24.99,24.98,25.03
DS,5.53,5.75,5.52,5.34,5.3
DSE,5.85,6.04,6.33,6.36,6.3
DSL,20.19,20.49,20.56,20.65,20.69
DSM,8.55,8.5,8.5,8.53,8.53
DSU,11.7,11.81,11.66,11.68,11.7
DSX,4.07,4.2,4.22,4.4,4.28
DTE,109.46,108.45,108.1,106.3,106.2
DTF,14.055,14.1,14.15,14.3,14.24
DTJ,25.47,25.24,25.22,25.2,25.27
DTQ,25.1,25.02,25.12,25.1,25.14
DTV,53.96,53.92,53.78,53.28,53.25
DTW,25.7,25.14,25.22,25.23,25.33
DTY,26.77,26.26,26.54,26.54,26.93
DUC,8.85,8.84,8.84,8.87,8.83
DUK,84.11,83.23,82.97,82.32,81.94
DUKH,25.35,25.08,25.26,25.2,25.26
DVA,72.25,72.54,72.91,74.85,75.53
DVD,1.95,2,2,2,2
DVN,41.4,42.23,42.72,43.23,43.11
DX,7.01,6.96,6.89,6.93,6.92
DXB,25.46,25.49,25.44,25.5,25.5
DY,111.43,111.59,112.42,113.52,112.93
E,33.19,33.61,33.75,34.53,34.97
EAB,25.22,25.02,24.86,24.9,24.9
EAE,24.93,24.73,24.96,25.08,24.99
EAI,25.13,24.72,24.89,25.04,25.08
EARN,12.04,11.85,11.41,11.4,11.56
EAT,38.84,39.46,40.12,39.72,39.75
EBF,20.75,21.2,20.5,20.55,20.9
EBR,5.7,5.83,5.74,5.71,5.72
EBS,46.47,47.97,47.82,47.78,49.08
EC,14.63,15.39,16.14,16.92,17.15
ECA,13.33,13.72,13.8,13.47,13.35
ECC,18.81,19.04,19.3,19.28,19.22
ECCA,25.83,25.8,25.85,25.8,25.78
ECCB,26.3,26.32,26.423,26.33,26.4
ECCY,25.4,25.39,25.25,25.48,25.462
ECL,134.18,134.5,135.37,136.47,137.18
ECOM,9,8.95,9,9,9
ECT,2.15,2.2,2.15,2.15,2.1
ED,84.95,83.58,82.79,81.82,81.74
EDD,7.7,7.76,7.79,7.89,7.94
EDF,15.91,16.14,16.27,16.4,16.49
EDI,15.57,15.7,15.74,15.87,15.89
EDN,49.7,50.05,50.78,50.35,50.9
EDU,94,97.79,101.57,99.39,100.86
EE,55.35,54.7,54.05,54,54.25
EEA,9.87,10,9.99,10.04,10.08
EEX,20.34,21.18,20.71,20.93,20.67
EFC,14.51,14.51,14.48,14.49,14.51
EFF,16.31,16.33,16.3,16.27,16.28
EFL,9.24,9.27,9.29,9.3,9.35
EFR,14.44,14.35,14.47,14.38,14.34
EFT,14.33,14.37,14.43,14.42,14.35
EFX,117.92,119.54,120.16,121.64,122.83
EGF,13.4,13.4,13.33,13.3,13.3
EGHT,14.1,14.4,14.75,14.75,14.45
EGIF,16.59,16.59,16.56,16.66,16.68
EGL,28.37,28.63,28.11,28.76,28.46
EGO,1.43,1.44,1.39,1.41,1.41
EGP,88.38,87.68,87.3,85.84,86.36
EGY,0.697,0.709,0.78,0.78,0.75
EHI,10.22,10.38,10.34,10.32,10.27
EHT,10,9.97,9.99,10.09,10.02
EIG,44.4,43.4,43.25,43.25,43.75
EIX,63.24,63.25,62.75,62.29,62.98
EL,127.24,127.59,129.62,130.23,129.99
ELC,24.82,24.78,24.93,24.99,24.99
ELF,22.31,22.42,21.71,21.37,21.78
ELJ,25.1,24.91,24.97,24.98,25.03
ELP,7.63,7.65,7.6,7.56,7.45
ELS,89.02,88.39,88.13,87.37,87.14
ELU,24.82,24.53,25.03,24.79,24.89
ELVT,7.53,7.75,8.02,8.08,8.3
ELY,13.93,13.8,13.77,13.74,14.1
EMD,15.55,15.78,15.78,15.84,15.81
EME,81.75,81.96,83.96,82.98,82.73
EMF,16.41,16.9,17.14,17.32,17.42
EMN,92.64,94.27,95.35,96.51,97.11
EMO,11.8,12.08,12.42,12.72,12.55
EMP,25.15,24.82,25.03,24.91,25.04
EMR,69.69,70.74,71.39,71.49,72.43
ENB,39.11,40.14,40.41,40.77,40.74
ENBL,14.22,14.54,14.85,14.88,14.63
ENIA,11.17,11.39,11.28,11.12,11.28
ENIC,5.68,6.06,5.95,5.95,5.98
ENJ,24.97,25.08,24.85,24.9,25.09
ENLC,17.6,18.4,18.65,18.75,18.2
ENLK,15.37,16.25,16.83,17.03,16.88
ENO,25.62,25.27,25.34,25.3,25.4
ENR,47.98,47.88,48.4,51.05,51.59
ENS,69.63,69.52,69.48,71.32,70.94
ENV,49.85,50.8,52,51.9,52.05
ENVA,15.2,15.65,15.9,16.3,17.35
ENZ,8.15,8.25,8.17,8.36,8.36
EOD,5.93,5.97,5.95,5.95,5.99
EOG,107.91,109.3,110.93,110.95,112.17
EOI,14.51,14.88,14.61,14.64,14.68
EOS,15.22,15.28,15.34,15.57,15.55
EOT,22.53,22.4,22.49,22.94,22.86
EPAM,107.43,108.4,109.77,110.03,110.21
EPC,59.39,60.33,59.94,59.74,60.51
EPD,26.51,26.88,27.63,27.81,27.73
EPR,65.46,64.49,63.85,62.67,62.59
EQC,30.51,30.55,30.31,29.78,29.78
EQGP,26.9,28.15,28.7,28.7,28.5
EQM,73.1,73.85,75.35,75.57,75.14
EQR,63.77,63.51,63.84,62.74,62.69
EQS,2.4,2.38,2.45,2.44,2.44
ERA,10.75,10.84,10.9,11.41,11.42
ERF,9.79,10.02,10.11,10.11,9.97
ERJ,23.93,25.23,26.25,26.89,25.76
EROS,9.65,10.45,10.3,10.1,9.9
ES,63.18,63.15,62.59,61.71,61.82
ESE,60.25,60.25,60.4,61.1,61.3
ESNT,43.42,43.83,43.52,44.38,44.83
ESRT,20.53,20.3,20.24,19.7,19.88
ESS,241.37,240.08,242.54,238.72,239.37
ESTE,10.63,11.16,11.53,11.52,11.24
ETB,16.73,16.72,16.74,16.79,16.75
ETG,17.33,17.18,17.32,17.49,17.65
ETH,28.6,28.7,28.95,28.7,28.55
ETJ,9.63,9.78,9.8,9.8,9.76
ETM,10.8,10.9,10.85,11,11.15
ETN,79.01,78.86,81.64,80.77,81.39
ETO,25.4,25.25,25.53,25.86,25.9
ETR,81.39,82.6,81.69,80.54,79.92
ETV,15.37,15.3,15.39,15.44,15.45
ETW,11.92,12.02,12.09,12.16,12.15
ETX,20.72,20.57,20.54,20.32,20.28
ETY,12.19,12.36,12.3,12.25,12.24
EURN,9.25,9.4,9.35,9.55,9.3
EV,56.39,56.77,57.15,57.87,58.34
EVA,27.65,27.75,28.2,27.9,27.85
EVC,7.15,7.05,7.05,7.2,7.2
EVF,6.52,6.51,6.51,6.5,6.51
EVG,14.35,14.34,14.3,14.3,14.23
EVH,12.3,12.8,13.4,13.25,12.95
EVN,12.4,12.41,12.47,12.46,12.43
EVR,90,90.6,90.6,91.25,91.65
EVRI,7.54,7.36,7.49,7.5,7.62
EVT,23.27,23.45,23.41,23.48,23.47
EVTC,13.65,13.76,13.75,14.05,14.35
EW,112.71,111.58,114.59,115.41,115.86
EXC,39.41,39.59,39.06,38.51,38.19
EXD,10.25,10.4,10.59,10.63,10.59
EXG,9.38,9.5,9.52,9.56,9.6
EXK,2.39,2.6,2.51,2.54,2.47
EXP,113.3,117.09,117.42,117,118.52
EXPR,10.15,9.45,9.72,9.62,9.15
EXR,87.45,85.68,85.86,84.3,83.9
EXTN,31.44,32.06,32.44,33.1,32.85
EZT,26.51,25.75,26,25.86,25.89
F,12.49,12.66,12.76,12.98,13.2
FAF,56.04,55.86,56.62,57.55,58.77
FAM,11.66,11.59,11.65,11.69,11.71
FBC,37.42,37.15,36.24,36.76,37.43
FBHS,68.44,68.74,69.55,70.13,71.62
FBK,41.99,42.99,43.51,43.75,44.1
FBM,14.79,14.94,15.04,15.64,16.07
FBP,5.1,5.07,5.08,5.13,5.13
FBR,14.7,14.78,14.54,14.6,14.6
FC,20.75,22.35,21.65,21.85,24.8
FCAU,17.84,18.43,19.19,20.65,21.77
FCB,50.8,51.15,51.6,51.7,52.65
FCF,14.32,14.24,14.13,14.4,14.49
FCN,42.96,43.81,42.95,44.38,44.3
FCPT,25.7,25.62,25.72,25.42,25.26
FCT,12.9,12.85,12.89,12.91,12.89
FCX,18.96,19.77,19.47,19.74,19.9
FDEU,18.83,18.73,18.98,19.2,19.31
FDP,47.67,46.93,47.2,48.19,48.2
FDS,192.76,191.63,193.24,195.89,196.93
FDX,249.54,257.6,260.82,264.88,265.92
FE,30.62,30.82,30.38,30.32,30.11
FEDU,9,9.41,9.55,9.75,10
FEI,15.65,15.77,15.96,15.98,15.88
FELP,4.37,4.4,4.4,4.38,4.21
FENG,6.49,6.79,6.67,6.75,7.22
FEO,16.32,16.31,16.31,16.4,16.65
FET,15.55,16.45,16.2,16.6,16.6
FF,14.09,14.07,13.59,13.75,13.95
FFA,16.19,16.67,16.4,16.23,16.16
FFC,20.46,20.16,20.03,20.14,20.14
FFG,69.65,70.25,70.2,70.8,71.55
FG,10.07,10.02,10.02,10.04,9.98
FGB,6.14,6.17,6.17,6.19,6.25
FGP,4.28,4.6,4.61,4.57,4.59
FHN,19.99,20.06,19.91,19.93,20.27
FI,6.65,6.94,7.2,7.52,7.46
FICO,153.2,153.39,153.43,155.18,156.92
FIF,17.93,18.31,18.64,18.57,18.36
FII,36.08,35.58,35.36,35.28,35.9
FIS,94.09,93.7,94.25,94.95,95.49
FIT,5.71,6.01,6.13,5.98,5.9
FIV,9.13,9.16,9.21,9.28,9.26
FIX,43.65,43.5,43,42.95,42.25
FL,46.88,47.89,47.87,46.31,46.96
FLC,21.61,21.4,21.46,21.51,21.49
FLO,19.31,19.32,19.01,18.99,19.02
FLOW,47.55,47.16,47.18,47.35,47.34
FLR,51.65,52.33,53.1,53.26,53.41
FLS,42.13,42.5,42.37,43.42,43.4
FLT,192.43,193.87,194.96,195.46,197
FLY,12.91,12.88,12.9,12.99,12.93
FMC,94.66,95.73,96.96,97.45,98.08
FMN,14.04,14.15,14.23,14.2,14.175
FMO,13.15,13.5,14.02,14.2,14.1
FMS,52.55,52.34,52.64,53.6,54.3
FMX,93.9,96.34,95.39,95.1,95.95
FMY,14.3,14.32,14.28,14.34,14.28
FN,28.7,29.1,28.99,29.35,29.37
FNB,13.82,13.79,13.8,13.87,13.98
FND,48.68,46.12,44.53,46.22,46.11
FNF,39.24,38.47,39.84,40.26,40.81
FNV,79.95,79.51,77.85,78.53,78.7
FOE,23.59,23.8,23.85,23.96,24.34
FOF,13.31,13.36,13.38,13.46,13.38
FOR,22,22.15,22.3,22.1,22.35
FPF,24.37,24,23.95,24.16,24.22
FPH,14.1,14.07,14.63,14.41,14.22
FPI,8.68,8.74,8.74,8.74,8.63
FPL,11.974,12.28,12.6,12.64,12.68
FR,31.47,31.17,31.08,30.43,30.55
FRA,13.79,13.93,14.01,14,14.03
FRAC,19.01,19.26,18.74,19.05,18.52
FRC,86.64,84.96,87.81,88.47,88.14
FRO,4.59,4.68,4.82,5.12,5.04
FRT,132.81,133.75,133.25,128.54,128.36
FSB,34.1,33.8,33.8,33.95,35.25
FSD,16.56,16.66,16.62,16.59,16.63
FSM,5.22,5.33,5.1,5.14,5.09
FSS,20.09,19.92,19.83,19.85,19.97
FT,7.17,7.11,7.12,7.11,7.15
FTAI,19.93,19.88,19.85,20.02,20
FTI,31.31,31.86,32.09,32.39,32.49
FTK,4.66,5.3,5.3,5.35,5.28
FTS,36.67,36.39,35.98,35.99,36.29
FTV,72.35,72.38,72.42,74.25,73.4
FUL,53.87,54.21,53.53,54.09,54.86
FUN,64.99,63.79,64.29,65.04,65.16
G,31.74,32.39,32.48,32.92,33.22
GAB,6.19,6.2,6.25,6.3,6.32
GAM,34.4,34.32,34.46,34.71,34.78
GATX,62.16,64.02,62.71,63.54,63.12
GBAB,22.73,22.67,22.77,22.8,22.9
GBL,29.65,29.73,29.7,29.62,29.67
GBX,53.3,53.95,53.1,52.75,50.6
GCAP,10,9.43,9.92,9.22,9.72
GCI,11.59,11.66,11.17,11.18,11.43
GCO,32.5,35.2,33.8,33,32.7
GCP,31.9,32.4,32.9,32.95,33.6
GCV,5.9,5.9,5.85,5.9,5.9
GD,203.45,200.49,201.74,205.21,204.7
GDDY,50.28,49.07,50.01,50.55,51.05
GDI,33.93,33.71,33.91,34.07,34.55
GDL,9.73,9.85,9.89,9.9,9.91
GDO,18,18.1,18.14,18.14,18.06
GDOT,60.26,59.58,60.46,60.97,62.84
GDV,23.41,23.4,23.56,23.75,23.82
GE,17.45,17.98,18.15,18.53,18.54
GEF,60.58,62.08,61.28,62.2,61.66
GEL,22.35,22.83,23.72,23.95,23.82
GEN,0.763,0.85,0.79,0.826,0.805
GEO,23.6,24.07,23.78,23.14,23.38
GER,6.15,6.42,6.67,6.73,6.68
GES,16.88,17.14,16.59,16.5,16.48
GF,19.44,19.485,19.7,20.13,20.33
GFF,20.35,19.85,20.05,20.2,20.5
GFI,4.3,4.42,4.39,4.3,4.31
GFY,17.37,17.36,17.4,17.3,17.27
GGB,3.72,3.94,3.99,4.14,4.14
GGG,45.22,45.14,45.91,46.33,46.21
GGM,21.93,21.87,21.99,22.04,22.18
GGT,9.2,9.19,9.27,9.34,9.36
GGZ,12.74,12.67,12.62,12.67,12.8
GHC,558.35,562.95,566.4,566.3,566.15
GHL,19.5,19.85,19.55,19.05,19.05
GHM,20.93,21.42,21.37,21.32,21.66
GHY,14.41,14.5,14.37,14.46,14.54
GIB,54.33,54.57,54.17,54.02,54.67
GIL,32.3,32.29,32.09,32.38,32.49
GIM,6.46,6.45,6.43,6.52,6.41
GIS,59.29,59.04,58.73,59.41,59.92
GJH,10.05,10.05,10.07,10.28,10.28
GJO,22.255,22.16,22.43,22,22.275
GJP,22.94,22.94,22.5,22.5,22.5
GJR,22.02,22,22,22,22
GJS,20.25,20.25,20.25,20.25,20.25
GJT,20,20.15,20.15,19.86,20
GJV,25.875,25.71,25.52,25.67,25.99
GKOS,25.65,27.08,27.17,26.05,26.25
GLOB,46.46,45.12,44.97,45.36,45.42
GLOG,22.25,22.2,22.25,22.2,22
GLOP,24.75,25.15,25.4,25.35,24.9
GLP,16.7,17.7,18.15,17.9,17.6
GLT,21.44,21.84,22.05,21.78,21.88
GLW,31.99,32.62,33.42,33.76,33.64
GM,40.99,41.8,42.82,44.14,44.01
GME,17.95,18.26,18.2,18.32,18.68
GMED,41.1,43.17,42.9,42.75,44.12
GMRE,8.2,8.49,8.4,8.4,8.47
GMS,37.64,37.43,37.35,37.52,38.47
GMTA,26.27,25.93,26.1,25.93,25.97
GMZ,8.94,9.22,9.55,9.64,9.5
GNC,3.69,3.5,3.5,3.39,3.57
GNE,4.36,4.63,4.44,4.53,4.53
GNK,13.32,13.27,13.48,14.01,13.87
GNL,20.58,20.57,20.46,20.26,20
GNRC,49.52,48.03,49.73,50.07,50.41
GNT,6.71,6.84,6.82,6.83,6.865
GNW,3.11,3.23,3.05,3.15,3.21
GOF,21.58,21.53,21.6,21.59,21.6
GOL,8.76,9.35,9.28,9.75,9.75
GOLF,21.08,20.85,20.77,20.58,20.95
GOOS,31.56,31.8,32.87,33.6,33.43
GPC,95.01,96.58,97.3,97.41,97.5
GPI,70.97,72.51,72.36,73.24,76.4
GPJA,25.61,25.33,25.3,25.31,25.22
GPK,15.45,15.75,15.86,15.8,15.83
GPM,8.9,9.08,9.19,9.26,9.11
GPMT,17.74,17.8,17.8,17.76,17.74
GPN,100.24,99.56,101.71,103.65,103.56
GPRK,9.91,9.6,9.96,10,10
GPS,34.06,33.87,33.17,32.74,32.55
GPX,23.2,23.75,23.1,25.4,25.25
GRA,70.13,70.89,71.29,72.2,72.14
GRC,31.21,31.94,31.6,31.72,31.51
GRUB,71.8,71.26,71.32,71.88,72.97
GRX,10.32,10.4,10.46,10.51,10.5
GS,254.76,255.67,253.29,256.83,255.52
GSBD,22.18,22.61,22.35,22.35,21.96
GSH,33.4,33.8,34.63,35.61,35.83
GSK,35.47,36.93,36.79,36.86,37.51
GSL,1.16,1.18,1.2,1.21,1.17
GTN,16.75,16.7,16.65,16.2,16.1
GTS,24.85,24.4,25.08,25.37,25.23
GTT,46.95,43.8,43.8,42.65,42.75
GTY,27.16,27.34,26.84,26.21,26.42
GUT,7.1,7.12,7.09,7.11,7.1
GVA,63.43,64,64.4,65.22,64.21
GWB,39.8,39.99,39.79,40.09,40.76
GWR,78.73,80.39,80.41,81.87,81.64
GWRE,74.26,74.46,75.55,76.59,77.04
GWW,236.25,235.71,234.23,236.06,238.25
GYB,22.99,22.885,22.88,22.88,22.9
GYC,22.56,23,22.555,23.5,23.4
H,73.54,73.81,74.7,74.88,73.22
HAE,58.08,63.1,62.63,61.76,62.7
HAL,48.87,49.61,50.5,51.63,51.82
HASI,24.06,24.01,23.52,23.11,22.77
HBB,25.69,26.15,24.93,25.79,25.44
HBI,20.91,21.3,21.03,21.26,21.23
HBM,8.8,9.2,9.15,9.45,9.35
HCA,87.84,89.51,87.04,85.96,86.93
HCC,25.15,26.74,26.77,27.13,26.96
HCHC,5.95,6.05,5.83,6.01,6.18
HCI,29.9,31.57,30.94,31.24,34.33
HCP,26.08,25.91,25.9,25.26,25.01
HD,189.53,188.03,189.01,190.51,192.5
HDB,101.67,102.33,101.34,101.12,100.62
HE,36.15,35.57,35.29,34.98,34.97
HEP,32.49,33,33.55,33.67,33.4
HEQ,17.41,17.58,17.23,17.18,17.07
HES,47.47,47.85,49.4,50.59,52.16
HESM,19.81,20.96,21.41,21.3,21.21
HFC,51.22,51.3,51.38,50.97,51.25
HFRO,15.5,15.55,15.4,15.59,15.52
HGH,29.26,29.12,29.22,29.05,29.04
HGV,41.95,41.56,42.41,41.99,41.04
HHC,131.27,132.84,127.36,128.14,127.84
HI,44.7,44.9,45.05,45.05,44.4
HIE,12.47,12.82,13,13.06,12.98
HIG,56.28,55.27,54.83,55.4,55.16
HII,235.7,228.01,229.39,232.66,233.75
HIO,5.07,5.13,5.08,5.07,5.06
HIVE,5.83,5.94,5.94,5.94,5.81
HIW,50.91,50.78,50.38,49.23,49.42
HIX,6.97,7.07,7.04,7.07,7.03
HJV,12.34,12.76,13.06,13.54,14
HL,3.97,4.24,4.09,4.14,4.05
HLI,45.43,45.79,45.85,46.14,45.7
HLT,79.86,79.68,80.85,80.25,79.29
HLX,7.54,7.64,8,8.18,8.12
HMC,34.08,34.48,34.79,35.46,35.62
HMLP,18.65,18.95,19.3,19.5,19.35
HMN,44.1,43.75,43.05,43.55,43.5
HMY,1.87,1.9,1.9,1.89,1.85
HNI,38.57,39.09,38.75,38.71,38.37
HNP,25,25.1,25.59,25.52,26.53
HOG,50.88,52.06,50.1,50.97,50.97
HOME,30.39,31.64,30.07,30.52,31.06
HOS,3.11,3.06,3.69,3.95,3.78
HOV,3.35,3.32,3.29,3.14,3.14
HP,64.64,65.35,65.65,66.4,66.7
HPE,14.36,14.61,14.7,15.06,15.05
HPF,21.49,21.38,21.37,21.38,21.35
HPI,21.42,21.4,21.39,21.46,21.49
HPP,34.25,33.91,34.17,33.28,33.46
HPQ,21.01,21.32,21.37,21.53,21.75
HPS,18.75,18.77,18.76,18.77,18.78
HQH,22.55,22.95,23.36,23.26,23.22
HQL,19.63,19.81,20.13,20.08,20.02
HR,32.12,32.03,31.75,31.03,30.98
HRB,26.22,26.76,26.65,26.62,26.79
HRC,84.29,84.64,86.25,85.82,87.38
HRI,62.61,63.36,62.96,62.75,62.91
HRL,36.39,36.36,36,36.45,36.35
HRTG,18.02,17.69,17.65,17.74,17.97
HSBC,51.64,52.41,52.15,52.26,52.17
HSC,18.65,18.85,18.75,19.25,19.2
HST,19.85,19.94,19.87,19.82,19.86
HSY,113.51,112.11,111.64,112.42,112.96
HT,17.4,17.51,17.69,17.4,17.45
HTA,30.04,29.7,29.83,29.02,28.81
HTD,24.66,23.8,23.6,23.75,23.81
HTFA,25.4,25.45,25.5,25.64,25.69
HTGC,13.12,13.25,13.09,12.97,12.99
HTH,25.33,25.38,25.43,25.69,25.75
HTY,8.82,8.83,8.83,8.87,8.99
HTZ,22.1,23.09,23.09,23.48,23.48
HUBB,135.34,134.2,133.34,135.53,135.93
HUBS,88.4,89.45,89.15,90.8,90.5
HUM,248.07,251.64,251.28,258.36,264.33
HUN,33.29,34.2,34.6,34.35,34.83
HVT,22.65,22.75,22.6,22.85,23.15
HXL,61.85,61.67,62.5,63.05,63.02
HY,85.16,85.71,85.56,86.32,85.91
HYB,9.4,9.43,9.42,9.41,9.4
HYI,15.12,15.21,15.26,15.22,15.26
HYT,10.94,11.01,11.01,11.05,11.04
HZN,14.02,14.42,14.16,14.34,13.9
HZO,18.9,19.4,18.9,18.75,18.6
I,3.39,3.64,3.66,3.43,3.46
IAE,10.48,10.65,10.8,10.81,10.84
IAG,5.83,6.12,6.04,6.1,5.98
IBA,57.3,57.88,58.28,57.96,58.31
IBM,153.42,154.25,158.49,161.7,162.49
IBN,9.73,9.87,9.85,9.82,9.84
IBP,75.95,75.75,77.6,75.3,75.25
ICD,3.98,3.93,4,4.19,4.07
ICE,70.56,69.85,70.91,72.25,72.85
ICL,4.04,4.07,4.08,4.08,4.11
IDA,91.36,89.84,88.98,88.31,87.69
IDE,16.85,17.01,17,17.25,17.24
IDT,10.6,11.11,10.72,10.92,11.15
IEX,131.97,131.68,132.87,135,134.74
IFF,152.61,154.56,155.74,153.76,156.87
IFN,26.12,26.09,26.22,26.82,26.73
IGA,11.43,11.48,11.51,11.49,11.53
IGD,7.75,7.8,7.81,7.89,7.9
IGI,22.86,21.86,22.58,22.28,22.46
IGR,7.92,7.92,7.92,7.92,7.94
IGT,26.51,26.76,26.63,26.9,27.77
IHC,27.45,27.5,27.4,27.45,27.35
IHD,8.9,9.01,9.08,9.17,9.23
IHG,63.51,63.8,63.55,63.52,63.27
IHIT,9.79,9.84,9.73,9.84,9.93
IHTA,10.31,10.32,10,10,10
IID,7.54,7.51,7.52,7.52,7.57
IIF,33.15,33.34,33.62,33.75,34.09
IIM,14.9,14.83,14.94,14.92,14.94
IIPR,32.31,36.57,32.08,26.01,29.42
IMAX,23.15,23.2,23.05,22.55,21.85
INB,9.88,10,10.1,10,10.13
INF,12.93,13.13,13.25,13.36,13.43
ING,18.46,18.48,18.6,18.97,19.11
INGR,139.8,139.97,138.13,140.85,140.33
INN,15.23,15.24,15.13,14.99,15.05
INSI,19.9,19.96,20.07,20.3,20.21
INST,33.1,33.35,32.75,33.3,33.95
INSW,18.46,19.12,19,19.2,18.84
INT,28.14,28.54,29.11,28.72,28.1
INVH,23.57,23.49,23.48,23.05,23.05
INXN,58.93,58.2,56.97,58.01,58.53
IO,19.75,19.8,20.1,20,22.95
IP,57.94,59.77,60.56,61.58,61.7
IPG,20.16,20.25,19.76,20.17,20.19
IPHI,36.6,37.75,38.17,38.36,38.6
IPI,4.76,4.67,4.63,4.71,4.6
IPOA,10.09,10.07,10.06,10.06,10.07
IQI,12.51,12.44,12.53,12.5,12.52
IQV,97.9,99.76,99.52,97.28,98.56
IR,89.19,88.75,89.95,90.39,89.71
IRL,12.53,12.545,12.55,12.59,12.7
IRM,37.73,37.61,37.1,36.92,36.8
IRR,6.26,6.54,6.72,6.63,6.59
IRS,29.6,31.8,31.7,32.17,32.02
IRT,10.09,10.18,10.19,10.04,10.08
ISD,14.77,14.99,14.92,14.99,14.98
ISF,25.7,25.56,25.57,25.57,25.61
ISG,25.54,25.455,25.48,25.51,25.53
IT,123.15,124.85,125.19,127.3,129.34
ITCB,13.44,13.89,13.81,13.87,13.82
ITGR,45.3,45.4,45.25,44.85,45.85
ITT,53.37,53.08,53.14,53.29,54.09
ITW,166.85,165.27,165.96,166.15,166.03
IVC,16.85,17.15,17.4,17.15,17.05
IVH,15.12,14.62,14.64,14.7,14.74
IVR,17.83,17.64,17.25,17.44,17.59
IVZ,36.54,36.35,36.53,36.83,37.28
IX,84.78,85.2,86.56,88.36,89.09
JAG,15.78,15.8,15.9,15.89,15.94
JAX,9.7,9.55,9.6,9.6,9.6
JBGS,34.73,34.49,34.48,33.67,33.68
JBK,25.14,25.15,25.3,25.3,25.535
JBL,26.25,26.7,27.05,27.31,27.19
JBN,12.57,12.82,12.99,13.47,13.95
JBR,12.49,12.86,13.08,13.37,13.96
JBT,110.8,111,109.9,110.65,110.35
JCAP,19.01,19.09,18.81,18.44,18.48
JCE,14.6,14.555,14.55,14.67,14.755
JCI,38.11,38.23,38.96,39.85,38.42
JCO,9.49,9.58,9.63,9.62,9.67
JCP,3.16,3.5,3.7,3.69,3.61
JDD,12.3,12.35,12.4,12.47,12.52
JE,4.29,4.4,4.38,4.36,4.26
JEC,65.96,66.87,67.1,67.79,68.14
JELD,39.37,39.31,39.92,40.75,41.67
JEMD,9.4,9.48,9.42,9.5,9.52
JEQ,9.02,9.04,9.13,9.35,9.36
JFR,11.21,11.2,11.29,11.25,11.21
JGH,16.91,16.92,17.17,17.12,17.13
JHB,9.96,9.87,9.97,9.9,9.95
JHD,10.02,10,10,9.98,9.99
JHG,38.26,38.59,38.64,38.96,39.69
JHI,17.5,17.6,17.64,17.58,17.52
JHS,14.85,14.94,14.99,15.04,14.9
JHX,17.61,17.75,17.95,17.95,17.92
JHY,9.91,9.91,9.87,9.94,9.92
JILL,7.8,8.14,7.93,7.99,7.86
JKS,24.05,25.06,24.33,24.19,24.23
JLL,148.93,153.94,154.71,153.54,154.46
JLS,24.69,24.55,24.6,24.41,24.31
JMEI,2.92,3.14,3.29,3.86,3.62
JMF,11.39,11.82,12.26,12.58,12.45
JMLP,8.56,8.92,9.35,9.58,9.4
JMM,7.62,7.6,7.58,7.57,7.73
JMP,5.6,5.47,5.51,5.5,5.53
JMPB,25.29,25.28,25.19,25.22,25.29
JMPD,25.29,25.11,25.35,25.45,25.46
JMT,23.74,23.63,23.69,23.6,23.35
JNJ,139.72,139.23,140.56,140.55,141.71
JNPR,28.5,28.7,28.81,28.79,28.51
JOE,18.05,18.15,18.25,18.1,18.25
JOF,11.81,11.96,12.11,12.35,12.43
JP,18.49,21.25,21.03,21.17,20.76
JPC,10.34,10.18,10.21,10.26,10.25
JPI,24.76,24.66,24.78,24.83,24.81
JPM,106.94,107.95,108.06,109.04,108.34
JPS,10.2,10.06,10.08,10.16,10.16
JPT,25.12,25.13,25.19,25.18,25.15
JQC,8.22,8.35,8.29,8.31,8.28
JRI,17.8,18.02,18.17,18.13,18.1
JRO,11.4,11.48,11.37,11.35,11.28
JRS,11.26,11.23,11.19,11.1,10.95
JSD,16.63,16.73,16.77,16.78,16.72
JT,6.48,6.5,6.58,6.37,6.8
JTA,13.95,13.92,13.81,13.94,13.99
JTD,17.58,17.5,17.55,17.69,17.71
JWN,47.38,49.12,48.65,48.06,48.25
K,67.98,67.97,67.65,68.73,68.94
KAI,100.4,98.65,97.85,99.2,97.7
KAMN,58.84,58.66,58.57,58.52,58.54
KAR,50.51,50.95,51.17,51.46,51.53
KB,58.51,59.32,59.33,59.47,60.8
KBH,31.95,32.2,33.64,33.14,33.4
KBR,19.83,19.93,20.3,20.17,20.11
KDMN,3.62,3.64,3.74,3.7,3.72
KEG,11.79,12.36,13.63,14.89,14.79
KEM,15.06,15.69,15.77,16.06,16.57
KEN,21.65,21.79,22.3,22.78,23.35
KEP,17.71,17.83,17.67,17.6,17.55
KEX,66.8,67.8,67.45,68.95,69.2
KEY,20.17,20.17,20.24,20.32,20.33
KEYS,41.6,42.15,42.75,42.96,43.92
KF,41.27,41.87,42.56,42.48,43.05
KFS,5.05,5,5.1,5,5.05
KFY,41.38,40.73,40.98,41.45,41.62
KGC,4.32,4.48,4.46,4.51,4.45
KIM,18.15,18.12,18,17.68,17.7
KIO,16.05,16.05,16.03,16.11,16.1
KKR,21.06,21.51,21.97,21.99,21.92
KL,15.36,16.05,16.07,16.33,16.52
KMB,120.66,119.07,117.08,118.43,118.17
KMF,13.8,13.85,14.3,14.42,14.38
KMI,18.07,18.8,18.96,19.01,18.95
KMPA,26.08,25.85,25.85,26.02,26
KMPR,68.9,68.8,67.5,68.45,67.35
KMT,48.41,49.32,49.48,50,50.24
KMX,64.13,64.76,66.94,68.25,71.04
KN,14.66,15.09,15.38,15.32,15.68
KNL,23.04,23.29,23.25,23.16,23.21
KNOP,20.75,21.4,21.75,21.8,21.8
KNX,43.72,44.59,44.94,45.15,44.88
KO,45.88,45.54,45.44,46.08,46.07
KODK,3.1,3.15,3.05,3.05,3.15
KOF,69.62,71.21,70,70.22,70.84
KOP,50.9,50.8,50.25,51,50.55
KORS,62.95,64.03,63.8,64.08,63.92
KOS,6.85,6.98,6.98,6.99,6.93
KR,27.45,28.3,27.85,26.98,27.32
KRA,48.17,50.74,50.21,50.8,52.72
KRC,74.65,74.27,74.22,72.14,72.17
KREF,20.01,19.95,19.72,19.82,19.83
KRG,19.6,19.96,19.72,18.94,18.89
KRO,25.77,26.39,26.45,26.44,26.97
KRP,16.25,16.39,16.31,16.3,16.26
KSM,11.78,11.8,11.91,11.89,11.86
KSS,54.23,56.35,55.66,54.68,54.36
KSU,105.22,107.16,107.09,107,109.19
KT,15.61,15.76,15.58,15.59,15.88
KTF,11.9,11.92,11.94,11.93,11.95
KTH,32.34,32.54,32.54,32.05,32.3
KTN,32.73,32.5,32.62,32.3,32.5
KTP,14.27,14.41,14.66,15.33,15.43
KW,17.35,17.9,17.75,17.7,17.95
KWR,150.79,151.57,151.45,151.55,152.97
KYN,19.05,19.58,19.85,19.72,19.51
L,50.03,49.89,50.47,50.72,50.62
LAD,113.59,115.03,116.72,116.71,118.81
LADR,13.63,13.51,13.5,13.46,13.55
LAZ,52.5,52.6,54.08,55.66,55.87
LB,60.22,59.89,58.16,51,50.36
LC,4.13,4.29,4.19,4.1,4.07
LCI,23.2,23.65,24.4,24.25,24.05
LCII,130,131.4,130.2,130.2,129.35
LDL,50.75,51.05,51.1,51.05,51.25
LDOS,64.57,64,63.92,64.8,64.73
LDP,26.07,26.02,26.1,26.4,26.43
LEA,176.66,178.8,180.08,186.15,191.39
LEE,2.35,2.3,2.3,2.35,2.45
LEG,47.73,47.86,47.62,47.73,47.9
LEJU,1.44,1.64,1.54,1.53,1.58
LEN,63.24,64.84,67.23,66.95,67.58
LEO,8.64,8.67,8.73,8.69,8.71
LFC,15.61,16.07,16.14,15.83,15.67
LGC,9.63,9.63,9.63,9.63,9.64
LGI,18,18.09,18.15,18.33,18.3
LH,159.51,162.3,163.05,162.46,166.48
LII,208.26,207.13,210.98,210.98,213.48
LITB,2.3,2.18,2.21,2.36,2.48
LKSD,15.15,14.75,14.19,14.51,14.52
LL,31.39,30.68,31.25,31.27,31.9
LLY,84.46,84.68,85.14,85.52,86.57
LM,41.98,41.47,41.34,41.07,41.88
LMHA,27.26,26.76,26.87,26.8,26.76
LMHB,25.26,25.11,25.09,25.16,25.28
LMT,321.05,318.54,321.21,326.72,329.68
LN,40.99,41.32,41.83,43.51,42.95
LNC,76.87,77.91,77.55,78.93,79.09
LND,3.5,3.46,3.56,3.69,4.05
LNN,88.2,89.31,88.58,88.97,88.91
LOMA,23.04,24.8,24.15,24.45,24.18
LOR,11.63,11.66,11.76,11.89,11.96
LOW,92.94,91.62,92.02,92.74,94.74
LPG,8.22,8.4,8.23,8.41,8.1
LPI,10.61,11.08,11.13,10.94,10.77
LPL,13.76,14.11,14.48,14.29,14.25
LPT,43.01,42.61,42.45,41.66,41.89
LPX,26.26,26.7,27.6,27.87,27.97
LRN,15.9,16.11,15.87,15.73,15.72
LSI,89.07,88.56,89.37,87.46,86.42
LTC,43.55,43.73,43.58,42.74,42.59
LTM,13.9,14.43,14.27,14.46,14.68
LUB,2.64,2.73,2.72,2.73,2.74
LUV,65.45,66.29,64.91,64.7,64.32
LVS,69.49,69.1,68.32,68.15,67.92
LW,56.45,55.37,56.06,57.22,57.7
LXFR,15.8,15.87,15.86,15.85,15.77
LXP,9.65,9.57,9.56,9.54,9.56
LXU,8.76,9.35,8.95,9.27,9.31
LYB,110.32,112.23,112.26,112.8,114.37
LYG,3.75,3.78,3.73,3.77,3.78
LYV,42.57,42.65,42.51,42.27,43.32
LZB,31.2,31.3,31.6,31.9,31.4
M,25.19,26.31,25.33,24.49,24.48
MA,151.36,151.91,153.82,155.81,159.04
MAA,100.56,99.6,99.49,96.58,96.15
MAC,65.68,66.61,65.65,64,64.81
MAIN,39.73,39.9,39.88,39.61,39.38
MAN,126.11,126.75,127.09,128.7,129.07
MANU,19.8,19.95,20,19.7,19.6
MAS,43.94,43.81,44,44.05,44.46
MATX,29.84,30.85,29.45,29.85,29.44
MAV,11.37,11.44,11.48,11.47,11.45
MAXR,64.32,63.83,64.14,64.15,64.05
MBI,7.32,7.54,7.5,7.76,7.7
MBT,10.19,10.37,10.44,10.62,10.5
MC,48.5,49.05,48.05,48.45,48.55
MCA,14.66,14.64,14.68,14.66,14.69
MCB,42.1,45.49,45.21,45.99,45.82
MCC,5.22,5.32,5.22,5.24,5.24
MCD,172.12,173.22,172.49,173.7,174.05
MCI,15.26,15.47,15.31,15.42,15.48
MCK,155.95,159,156.76,155.06,157.16
MCN,7.72,7.74,7.74,7.75,7.74
MCO,147.61,146.13,148.86,151.6,154.12
MCR,8.48,8.5,8.53,8.51,8.54
MCRN,19.14,18.92,18.65,18.78,18.69
MCS,27.35,27.9,26.75,26.65,26.4
MCV,25.24,25.05,25.1,25.2,25.125
MCX,25.8,25.76,25.77,25.97,25.91
MCY,53.44,52.08,51.83,52.17,52.13
MD,53.44,54.74,54.56,54.61,54.5
MDC,31.88,32.56,34.39,33.89,34.4
MDLQ,25.21,25.3,25.35,25.28,25.38
MDLX,24.78,24.65,24.5,24.49,24.65
MDLY,6.5,6.55,6.4,6.4,6.45
MDP,66.05,65.2,65.15,65.6,65.2
MDT,80.75,82.21,83.92,84.12,85.54
MDU,26.88,26.72,26.76,26.58,26.41
MED,69.81,72.51,71.06,70.57,70.09
MEI,40.1,40.5,40.3,40.5,41.25
MEN,11.66,11.59,11.61,11.63,11.57
MET,50.56,50.18,50.5,51.36,51.84
MFA,7.92,7.86,7.74,7.83,7.81
MFC,20.86,20.85,20.87,21.4,21.49
MFD,12.43,12.56,12.61,12.74,12.78
MFG,3.64,3.66,3.7,3.78,3.81
MFGP,33.59,33.64,33.86,34.72,34.68
MFL,14.62,14.66,14.82,14.79,14.83
MFM,6.87,6.86,6.87,6.89,6.9
MFO,26.36,25.88,25.82,25.7,26.02
MFT,13.94,13.96,14.04,14.19,14.21
MFV,5.92,5.93,5.97,5.96,6.01
MG,23.47,23.62,22.93,22.92,22.96
MGA,56.67,57.16,57.15,58.09,59.54
MGF,4.79,4.86,4.81,4.79,4.77
MGM,33.39,33.51,33.33,33.66,33.89
MGP,29.15,28.68,28.29,28.54,28.72
MGU,25.78,25.73,25.81,26.02,26.14
MHD,16.52,16.46,16.54,16.57,16.52
MHF,7.4,7.41,7.41,7.41,7.43
MHI,11.85,11.88,11.96,11.98,11.96
MHK,275.9,276,275.14,275.26,276.67
MHLA,23,22.73,22.9,23.15,23.19
MHN,13.39,13.39,13.48,13.54,13.5
MHNC,24.43,24.71,24.5,24.58,24.55
MHO,34.4,35.11,36.67,36.46,36.64
MIC,64.2,66.49,64.99,65.2,65.67
MIE,10.25,10.56,10.77,10.91,10.81
MIN,4.15,4.17,4.16,4.14,4.15
MITT,19.01,18.76,18.39,18.44,18.57
MIXT,12.76,12.53,12.67,12.7,12.74
MIY,14,13.9,13.94,13.91,13.93
MKC,101.91,101.23,101.47,102.11,103.11
MKL,1139.13,1116.31,1119.72,1118.37,1117.33
MLI,35.43,35.7,35.81,36.28,36.45
MLM,221.04,225,227.5,228,227.33
MLP,17.3,17.5,16.9,16.75,16.45
MLR,25.8,25.55,25.45,25.8,26.2
MMC,81.39,80.4,81.45,82.3,82.87
MMD,19.83,19.82,19.89,19.81,19.9
MMI,32.61,32.37,32.06,31.65,32.02
MMM,235.37,235.64,235.63,238.71,240.57
MMP,70.94,71.01,72.96,73.12,72.45
MMS,71.58,71.36,71.19,71.03,71.27
MMT,6.07,6.15,6.13,6.14,6.1
MMU,14.08,14.12,14.17,14.12,14.16
MN,3.6,3.7,3.7,3.75,3.8
MNE,13.61,13.61,13.69,13.69,13.69
MNK,22.56,23.52,23.51,23.4,22.9
MNP,15.23,15.22,15.3,15.27,15.25
MNR,17.8,17.8,17.84,17.65,17.73
MO,71.41,70.74,70.48,70.2,70.4
MOD,20.2,20.4,21.15,21.15,21.5
MODN,15.75,15.3,15.5,15.65,15.6
MOH,76.68,78,77.17,77.64,80.59
MOS,25.66,26.65,26.41,26.82,26.86
MOSC,9.7,9.725,9.725,9.725,9.693
MOV,32.2,32.55,31.75,31.9,32.1
MPA,14.35,14.37,14.51,14.52,14.52
MPC,65.98,67.18,68.61,68.68,69.34
MPLX,35.47,36.04,36.35,37.08,36.8
MPV,14.1,14.35,14.43,14.45,14.32
MPW,13.78,13.83,13.79,13.55,13.28
MPX,12.74,12.85,13.08,13.15,13.6
MQT,13.1,13.07,13.16,13.11,13.08
MQY,15.17,15.12,15.24,15.285,15.26
MRC,16.92,17.21,17.38,17.65,17.59
MRK,56.27,56.22,56.14,57.05,56.99
MRO,16.93,17.38,17.67,18.12,17.89
MS,52.47,52.19,52.33,53.13,53.11
MSA,77.52,78.87,78.55,78.61,78.57
MSB,25.15,26.95,26.95,27.7,27.7
MSCI,126.54,127.68,129.62,131.66,133.03
MSD,9.98,10.04,9.95,9.93,9.97
MSG,210.85,209.43,211.3,211.08,212.87
MSGN,20.25,21.1,21.15,20.55,20.75
MSI,90.34,90.55,89.91,90.66,91.88
MSL,13.25,13.45,13.5,13.7,14.3
MSM,96.66,97.19,99.26,98.5,97.45
MT,32.31,34.08,34.91,34.56,34.53
MTB,170.99,171.19,173.11,173.44,172.82
MTD,619.52,626.1,631.54,627.03,637.35
MTDR,31.13,31.59,31.92,32.25,31.55
MTG,14.11,14.26,14.13,14.28,14.33
MTH,51.2,52.5,54.15,53.1,53.65
MTL,5.26,5.31,5.48,5.54,5.4
MTN,212.47,210.45,212.59,209.03,207.27
MTOR,23.46,23.13,23.4,23.88,24.12
MTR,18.45,18.65,19.3,19.45,19.55
MTRN,48.6,50,49.75,51.05,51.05
MTT,20.89,20.98,21.1,21.03,21.12
MTW,39.34,39.82,39.26,39.43,39.01
MTX,68.85,69.55,69.7,70.6,70.8
MTZ,48.95,50.05,49.85,49.9,49.7
MUA,14.97,14.95,15.01,14.94,14.92
MUC,14.2,14.25,14.3,14.32,14.35
MUE,13.91,13.86,13.965,13.89,13.92
MUH,14.78,14.78,14.83,14.83,14.81
MUI,13.92,13.89,14.02,14.01,14.05
MUJ,14.47,14.5,14.64,14.57,14.55
MUR,31.05,32.15,32.44,32.78,33.05
MUS,13.38,13.38,13.48,13.465,13.43
MUSA,80.36,80.68,80.93,82.12,83.76
MUX,2.28,2.46,2.33,2.3,2.29
MVC,10.56,10.61,10.6,10.58,10.59
MVCD,25.84,25.6,25.73,25.48,25.62
MVO,8.4,9.25,9.11,9.12,9.33
MVT,15.45,15.45,15.5,15.52,15.64
MWA,12.53,12.56,12.56,12.6,12.59
MX,9.95,10.15,10.55,10.6,10.7
MXE,10.26,10.37,10.41,10.52,10.54
MXF,15.75,15.99,16.07,16.1,16.26
MXL,26.42,27.19,27.22,27.21,27.46
MYC,14.79,14.81,14.92,14.94,14.93
MYD,14.52,14.56,14.63,14.69,14.69
MYE,19.5,20,20.6,20.95,20.95
MYF,14.85,14.8,14.86,14.84,14.8
MYI,13.81,13.79,13.92,13.82,13.79
MYJ,15.8,15.98,15.99,15.86,15.84
MYN,12.92,12.9,12.89,12.9,12.93
MYOV,12.64,12.46,12.51,13.14,14.08
NAC,14.31,14.35,14.41,14.36,14.38
NAD,14.06,14.01,14.07,14.02,14.01
NAN,13.83,13.81,13.84,13.83,13.83
NAT,2.46,2.57,2.62,2.56,2.58
NAV,42.88,43.63,44.14,44.47,43.7
NAZ,14.14,14.19,14.29,14.29,14.26
NBB,21.98,21.91,22.01,22.015,22.02
NBHC,32.43,32.28,32.23,32.59,32.71
NBL,29.14,30.19,31.01,31.72,31.5
NBLX,50,50.1,51.94,52.72,52.2
NBR,6.83,6.87,7.05,7.32,7.18
NC,37.65,39,40.35,38.55,39.55
NCA,10.19,10.24,10.25,10.18,10.26
NCB,17,16.84,17.09,17.14,17.29
NCI,19.41,19.67,19.38,19.57,19.65
NCLH,53.25,54.96,55.37,54.68,54.87
NCR,33.99,34.85,35.08,34.08,34.5
NCV,7.03,6.99,7.03,7.08,7.14
NCZ,6.21,6.2,6.23,6.26,6.31
NDP,13.28,13.56,13.79,13.88,13.75
NE,4.52,4.67,4.9,5.05,5.06
NEA,13.75,13.77,13.87,13.8,13.84
NEE,156.19,155.09,151.8,151.02,151.71
NEM,37.52,38.16,37.84,38.26,38.4
NEP,43.11,43.31,41.97,41.23,41.39
NEU,397.39,403.63,400.78,400.3,400.32
NEV,14.2,14.33,14.37,14.4,14.33
NEWM,16.78,16.94,16.41,16.6,16.6
NEWR,57.77,58.8,59.22,58.86,59.31
NEXA,19.61,20.03,20.1,20,19.9
NFG,54.91,56.51,56.35,56.51,56.08
NFJ,13.05,13.04,13.08,13.1,13.23
NFX,31.53,32.9,33.1,33.84,33.92
NGG,58.81,58.84,57.66,58.1,58.93
NGL,14.05,14.6,14.9,15.15,15.5
NGS,26.2,26.8,27.6,27.75,27.4
NGVC,8.93,8.91,8.87,8.67,8.51
NGVT,70.47,70.91,70.47,72.83,73.81
NHA,9.44,9.48,9.51,9.55,9.54
NHF,25.29,25.53,25.47,25.35,25.26
NHI,75.38,75.78,75.64,74.53,74.02
NI,25.67,25.36,25.2,25.09,24.79
NID,12.99,13.02,13.13,13.11,13.11
NIE,21.13,21.31,21.42,21.59,21.67
NIM,9.96,9.97,10.02,10.05,10.02
NIQ,12.87,12.94,13.05,13.05,13.01
NJR,40.2,39.85,39.4,39.6,39.4
NJV,14.09,14.2,14.27,14.19,14.24
NKE,62.55,63.49,63.48,63.44,63.98
NKG,12.57,12.59,12.69,12.7,12.65
NKX,15.365,15.36,15.43,15.38,15.39
NL,14.25,13.2,13.4,13.1,14.15
NLS,13.35,13.35,13.3,12.95,13.15
NLSN,36.4,36.66,35.99,35.79,36
NLY,11.89,11.67,11.47,11.46,11.57
NM,1.2,1.29,1.26,1.35,1.3
NMFC,13.55,13.7,13.7,13.65,13.75
NMI,11.57,11.57,11.62,11.62,11.58
NMM,2.36,2.37,2.43,2.43,2.44
NMR,5.82,5.9,5.99,6.13,6.33
NMS,14.71,14.65,14.74,14.77,14.72
NMT,14.27,14.33,14.4,14.38,14.4
NMY,12.58,12.57,12.66,12.71,12.67
NMZ,13.61,13.68,13.73,13.79,13.8
NNC,12.9,12.95,12.99,12.98,13
NNI,54.78,54.68,54.38,55.22,55.19
NNN,43.13,42.92,42.56,41.62,41.39
NNY,9.5,9.5,9.55,9.54,9.545
NOA,4.95,5.05,4.95,5,4.8
NOAH,46.28,47.34,45.65,45.05,45.57
NOC,306.91,305.24,306.65,308.55,308.22
NOK,4.66,4.76,4.83,4.89,4.92
NOM,13.95,14.03,14.05,14.075,13.91
NOMD,16.91,16.76,16.26,16.89,16.6
NOV,36.02,36.8,37.85,38.43,38.22
NOW,130.39,131.73,132.91,133.85,135.01
NP,90.65,90.8,91.5,91.5,90.45
NPK,99.45,99.5,99.25,99.85,100.5
NPO,93.51,93.48,92.99,92.85,92.55
NPTN,6.58,7.18,7.16,6.86,6.89
NPV,12.82,12.84,12.94,12.91,12.92
NQP,13.15,13.14,13.2,13.24,13.23
NR,8.6,8.7,8.75,8.8,8.85
NRE,13.43,13.34,13.16,13.01,13.01
NRG,28.48,28.9,28.88,28.55,28.73
NRK,12.96,12.98,13.03,13.03,13
NRP,26,26.8,28.25,28.9,29.3
NRT,6.96,7.07,7.45,8.1,8.67
NRZ,17.88,17.59,17.43,17.72,17.71
NS,29.95,30.01,31.03,31.51,31.32
NSA,27.26,27.07,26.96,26.53,26.37
NSC,144.9,146.96,146.97,147.38,150.27
NSL,6.51,6.53,6.56,6.56,6.49
NSP,57.35,56.75,56.2,57.25,58.25
NSS,25,25.05,25.1,25.11,25.23
NTB,36.29,36.73,36.67,37.39,37.5
NTC,11.92,11.95,11.95,12.07,12.09
NTG,17.56,18.4,18.64,18.9,18.78
NTP,12.55,12.5,12.5,12.4,12.65
NTX,14.34,14.32,14.44,14.44,14.38
NTZ,1.6,1.59,1.81,1.74,1.85
NUE,63.58,66.52,67.39,67.22,67.86
NUM,13.26,13.25,13.39,13.37,13.33
NUO,14.64,14.64,14.71,14.75,14.8
NUS,68.23,68.56,68.05,68.41,68.79
NUV,10.13,10.13,10.135,10.18,10.21
NUW,17.26,17.24,17.36,17.38,17.34
NVG,15.44,15.47,15.53,15.58,15.6
NVGS,9.85,10.35,10.3,10.8,10.75
NVO,53.67,54.16,54.68,54.49,54.74
NVR,3508.22,3529.61,3562.83,3520.51,3567
NVRO,69.04,69.46,71.17,71.18,71.09
NVS,83.96,84.68,85.34,85.42,86.27
NVTA,9.08,9.34,9.53,9.82,10.05
NWE,59.7,58.3,57.81,57.45,57.41
NWHM,12.53,13.06,13.43,13.06,12.85
NWN,59.65,58.8,58.3,58.1,58.65
NX,23.4,23.2,22.75,22.75,23
NXC,14.91,14.86,15.14,15.52,15.615
NXJ,13.695,13.7,13.8,13.75,13.71
NXN,13.63,13.59,13.73,13.8,13.95
NXP,14.62,14.64,14.73,14.72,14.74
NXQ,13.94,14.04,14.12,14.12,14.13
NXR,15.19,15.02,15.17,15.13,14.93
NXRT,27.94,27.87,27.53,27.03,27.54
NYCB,13.02,13.07,13.16,13.15,13.07
NYT,18.5,18.95,18.55,18.3,18.75
NYV,14.34,14.32,14.42,14.52,14.48
NZF,15.24,15.18,15.25,15.27,15.3
O,57.02,56.62,56.47,55.25,55.21
OAK,42.1,43.2,44.85,44.25,43.8
OAS,8.41,8.57,8.8,8.81,8.71
OBE,1.24,1.31,1.33,1.31,1.26
OC,91.94,92.22,94.06,93.65,94.42
OCN,3.13,3.11,3.07,3.09,3.05
ODC,41.5,40.69,39.57,40.25,39.78
OEC,25.6,25.9,26.15,26.75,27.05
OFC,29.2,29.14,28.86,27.97,28.14
OFG,9.4,8.95,8.85,9,9.2
OGE,32.91,32.67,32.66,32.6,32.5
OGS,73.26,72.27,71.69,71.55,71.15
OHI,27.54,27.43,27.33,27.15,26.96
OI,22.17,22.84,22.57,22.44,22.61
OIA,8,8.07,8.2,8.2,8.21
OII,21.14,21.68,22.53,23.04,23.15
OIS,28.3,29.3,30.75,31.2,31.2
OKE,53.45,54.65,55.54,56.2,56.06
OLN,35.58,36.62,37.41,37.73,38.6
OLP,25.92,26.17,25.96,25.71,25.85
OMC,72.83,72.77,70.36,71.06,72.17
OMF,25.99,26.3,26.64,34.4,34.53
OMI,18.88,19.37,19.15,19.22,19.87
OMN,10,10.25,10.2,10.2,10.35
OMP,17.44,17.28,17.53,17.79,18
ONDK,5.74,5.95,5.81,5.72,5.67
OOMA,11.95,11.7,11.95,11.95,12.1
OPP,18.38,18.42,18.45,18.49,18.35
OPY,26.8,26.6,26.95,27.35,27
OR,11.56,11.54,11.39,11.55,11.45
ORA,63.96,64.71,64.13,64.77,65.05
ORAN,17.4,17.58,17.4,17.53,17.6
ORC,9.28,9.23,9.04,9.12,9.11
ORCL,47.28,46.63,47.71,48.18,48.47
ORI,21.38,21.07,21.18,21.1,20.87
ORN,7.83,7.8,7.58,7.78,7.79
OSB,33.81,34.2,34.85,35.14,34.91
OSG,2.74,2.77,2.8,2.86,2.81
OSK,90.89,92.17,92.03,91.28,89.97
OSLE,25.21,25.16,25.15,25.27,25.18
OUT,23.2,23.16,22.95,22.9,22.88
OXM,75.19,77.35,76.31,79.41,80.01
OXY,73.66,73.98,75,74.96,74.55
OZM,2.5,2.69,2.79,2.79,2.87
P,4.82,4.91,4.97,4.96,5.17
PAA,20.64,21.29,22.27,22.35,22.29
PAC,102.76,104.57,105.95,106.35,107.64
PAG,47.85,47.84,48.21,48.52,49.78
PAGP,21.95,22.5,23.17,23,22.84
PAH,9.92,10.34,10.53,10.56,10.56
PAI,15.83,15.73,15.58,15.55,15.47
PAM,67.28,69.16,69.9,68.89,69.29
PANW,144.94,148.55,149.68,149.26,152.97
PAR,9.35,9.2,9.21,9.2,9.3
PAYC,80.33,80.44,81.03,83.11,83.88
PB,70.07,70,69.52,69.37,69.71
PBA,36.18,36.56,36.54,36.77,36.62
PBB,25.9,25.81,25.98,25.82,26.07
PBF,35.45,36.27,36.36,36.23,36.16
PBFX,20.95,21.5,21.6,21.45,21.4
PBH,44.41,43.89,43.56,44.53,44.2
PBI,11.18,11.4,11.3,11.39,11.51
PBR,10.29,10.7,10.97,11,11.08
PBT,8.87,8.86,9.07,9.02,8.79
PCF,9.02,9.05,9.09,9.095,9.17
PCG,44.83,44.49,43.77,43.52,44.29
PCI,22.44,22.5,22.45,22.56,22.59
PCK,10.16,10.19,9.93,9.59,9.2
PCM,11.57,11.7,11.74,11.74,11.65
PCN,17.2,17.42,17.57,17.66,17.49
PCQ,17.27,17.3,17.39,17.43,17.389
PDI,30.05,30.2,30.22,30.18,30.16
PDM,19.61,19.57,19.51,19.05,19.21
PDS,3.02,3.21,3.27,3.3,3.26
PDT,17.13,16.95,16.82,16.81,16.68
PE,29.44,30.47,30.79,31,30.85
PEB,37.17,37.89,37.43,37.28,37.32
PEG,51.5,51,50.74,49.25,49.66
PEI,11.89,12.47,12.1,11.63,11.73
PEN,94.1,90.35,90.55,84.6,85.15
PEO,19.84,20.11,20.51,20.62,20.41
PER,2.05,2.05,2.15,2.1,2.15
PES,3.05,3.2,3.35,3.8,3.55
PFD,14.98,14.98,14.89,14.95,14.91
PFE,36.22,36.44,36.71,36.79,36.86
PFGC,33.1,33.6,33.05,33.3,33.8
PFH,14.75,14.48,14.67,15.37,15.38
PFL,11.68,11.77,11.86,11.82,11.74
PFN,10.43,10.43,10.48,10.5,10.44
PFO,11.81,11.77,11.77,11.73,11.7
PFS,26.97,27.05,26.73,26.82,26.83
PFSI,22.35,23.25,23.4,23.7,23.8
PG,91.88,90.65,90.54,91.18,91.24
PGP,15.38,15.68,14.93,14.85,14.81
PGR,56.32,55.36,55.33,55.32,55.53
PGRE,15.85,15.8,15.76,15.49,15.56
PGTI,16.85,16.55,16.75,16.75,16.9
PGZ,17.19,17.2,17.38,17.37,17.46
PH,199.58,199.88,201.51,202.43,203.81
PHD,11.47,11.5,11.58,11.54,11.47
PHG,37.8,37.77,38.01,39.01,39.74
PHI,30.08,30.36,29.87,30.01,29.35
PHK,7.46,7.45,7.53,7.55,7.73
PHM,33.25,33.37,34.27,33.83,34.54
PHT,9.71,9.76,9.8,9.8,9.83
PHX,20.55,20.75,22.1,22.2,21.3
PII,123.99,126.24,128.36,129.27,125.19
PIM,4.77,4.81,4.83,4.82,4.84
PIR,4.14,4.19,4.23,4.27,4.24
PIY,14.71,14.35,14.28,14.56,14.57
PJC,86.25,85.8,86.4,88.4,88.3
PJH,25.25,25.1,25.12,25.09,25.15
PJT,45.6,45.2,45.03,45.98,46.93
PK,28.75,28.85,28.94,28.67,28.69
PKE,19.65,19.86,19.66,20.3,20.45
PKG,120.55,123.61,125.98,128.08,128.47
PKI,73.12,73.91,76.16,76.36,76.94
PKO,25.91,26.19,26.36,26.41,26.37
PKX,78.13,82.35,85.14,86.36,86
PLD,64.51,64.01,63.89,62.61,62.56
PLNT,34.63,32.96,32.9,32.51,33.7
PLOW,37.8,38.2,38.7,39.75,40.05
PLT,50.38,52.14,52.22,52.79,53.74
PM,105.65,104.39,104.26,103.47,104.3
PMF,13,13.13,13.32,13.33,13.32
PML,13.18,13.23,13.28,13.34,13.34
PMM,7.41,7.4,7.39,7.39,7.43
PMO,12.35,12.4,12.51,12.48,12.48
PMT,16.07,15.91,15.76,15.86,16.04
PMX,11.58,11.68,11.69,11.7,11.75
PNC,144.29,144.62,144.59,144.6,144.78
PNF,12.78,12.82,12.83,12.84,12.83
PNI,12,11.945,12.01,12,11.89
PNM,40.45,39.95,39.65,39.5,39.4
PNW,85.18,83.89,83.12,82.51,82.42
POL,43.5,44.12,44.35,44.61,45.55
POR,45.58,44.88,44.55,44,43.86
POST,79.23,79.44,79,79.98,80.02
PPDF,7.11,7.19,7.19,7.14,7.13
PPG,116.82,118,118.19,117.47,118.92
PPL,30.95,30.6,30.67,30.75,30.95
PPR,5.07,5.11,5.13,5.1,5.11
PPT,5.33,5.25,5.32,5.3,5.32
PPX,25.59,25.32,25.38,25.38,25.44
PQG,16.45,16.58,16.52,16.44,16.26
PRA,57.15,55.85,55.4,55.85,56
PRGO,87.16,89.69,89.44,91.08,91.18
PRH,25.29,25.1,25.14,25.09,25.22
PRI,101.55,102.05,101.1,102.7,103.65
PRLB,103,103.85,104.25,105.35,106.25
PRO,26.45,27.03,27.66,27.69,27.51
PRTY,13.95,14.35,14.25,14.05,13.95
PRU,114.98,115.45,115.49,116.51,117.68
PSA,209,206.32,206.77,203.11,201.92
PSB,125.09,124.15,122.57,120.2,121.05
PSF,28.24,28.29,28.48,28.79,28.5
PSO,9.82,9.91,9.88,9.9,9.93
PSTG,15.86,16.21,16.6,16.84,16.94
PSX,101.15,101.75,102.43,102.15,102.16
PSXP,52.35,53.41,53.66,53.84,53.2
PTR,69.94,72,71.67,74.92,74.5
PTY,16.46,16.52,16.64,16.77,16.8
PUK,50.78,50.95,50.93,51.35,52.07
PUMP,20.16,20.31,20,20,19.73
PVG,11.41,11.75,11.4,11.55,11.52
PVH,137.21,138.97,139.21,141.42,143.09
PWR,39.11,39.24,39.55,39.86,39.51
PXD,172.85,172.92,176.34,177.27,176.51
PYN,9.92,9.9,10,9.95,9.95
PYS,20.25,20.63,20.44,19.92,20.4
PYT,20.95,20.76,20.84,20.84,20.76
PZC,10.44,10.47,10.49,10.43,10.48
PZN,10.67,10.07,10.26,10.73,11.46
QD,12.54,12.58,12.5,12.05,13
QEP,9.57,10.06,10.38,10.48,10.47
QHC,6.24,6.65,6.72,6.5,6.07
QSR,61.48,62.44,63.66,63.86,63.51
QTM,5.63,5.91,6.2,6.14,6.15
QTS,54.16,54.01,53.41,52.89,53.15
QTWO,36.85,38.2,39.4,39.15,38.25
QUAD,22.6,23.21,22.19,22.47,22.81
QUOT,11.75,11.95,11.85,11.9,11.95
R,84.17,86.4,87.41,87.26,86.95
RA,23.37,23.39,23.47,23.6,23.81
RACE,104.84,105.15,107.17,111.31,112.13
RAD,1.97,2.13,2.11,2.08,2.03
RBA,29.93,30.06,31.12,31.35,31.33
RBC,76.6,77.35,78.5,79.15,79.2
RBS,7.64,7.67,7.59,7.69,7.63
RCI,50.93,50.44,50.26,50.07,50.44
RCL,119.28,120.38,123.58,122.46,121.23
RCS,9.18,9.38,9.42,9.47,9.43
RDN,20.61,20.9,20.75,20.86,20.98
RDY,37.56,38.09,37.4,37.97,38.73
RE,221.26,216.47,219.77,221.77,222.35
RELX,23.7,23.65,23.51,23.67,23.75
RENN,10.39,12.43,18.32,15.19,12.99
RES,25.53,26.02,25.69,26.17,26.23
RESI,11.86,11.93,11.78,11.62,11.53
REV,21.8,21.95,21.95,22,22.6
REVG,32.53,32.79,32.74,32.73,32.75
REX,82.79,84.46,83.15,83.09,83.01
REXR,29.16,29.02,28.8,28.51,28.7
RF,17.28,17.37,17.4,17.54,17.49
RFI,12.77,12.71,12.61,12.67,12.68
RFP,11.05,11.35,11.35,11.25,11.2
RGA,155.93,155.37,155.26,156.64,157.13
RGR,55.85,57,52.85,52.95,53.35
RGS,15.36,15.65,15.46,15.59,15.59
RGT,10.81,10.85,10.93,11,11.12
RH,86.21,89.77,91.23,89.92,92.97
RHI,55.54,55.91,55.81,55.98,56.31
RHP,69.02,69.41,69.37,69.47,70.29
RIG,10.68,10.94,11.17,11.79,11.61
RIO,52.93,54.75,54.95,54.7,54.54
RIV,20.02,20.21,20.25,20.21,20.36
RJF,89.3,88.86,89.8,90.54,90.95
RL,103.69,104.88,101.64,103.52,104.38
RLGY,26.5,26.85,26.42,26.52,26.66
RLH,9.85,9.8,9.65,9.6,9.7
RLI,60.66,59.47,59.2,59.33,59.55
RLJ,21.97,22.38,22.4,22.25,22.23
RM,26.31,26.33,26.04,27.45,27.68
RMAX,48.5,48.4,48,47.3,47.1
RMD,84.69,85.53,86.42,86.54,87.69
RMT,9.44,9.43,9.49,9.56,9.56
RNG,48.4,47.8,48,47.3,47.55
RNGR,9.23,9.15,9.2,9.36,9.25
RNP,21.27,21.12,21.08,21.05,21.03
RNR,125.59,121.65,121.46,124.39,123.98
ROG,161.92,171.89,168.56,164.04,166.7
ROK,196.35,197.66,200.55,199.66,199.97
ROP,259,260.56,262.08,264.86,267.02
ROYT,1.94,2.02,2.11,2.11,2.05
RPAI,13.44,13.34,13.16,13.01,13.04
RPM,52.42,53.45,53.47,52.36,54.5
RPT,14.73,14.79,14.6,14.37,14.5
RQI,12.65,12.58,12.52,12.5,12.43
RRC,17.06,17.92,17.81,17.4,16.76
RRD,9.3,9.62,9.27,9.44,9.49
RRTS,7.71,7.91,7.84,8.09,7.95
RS,85.79,87.89,88.27,88.83,88.45
RSG,67.61,66.58,66.9,68.44,68.26
RST,12.47,11.98,12.19,12.37,12.49
RTEC,23.9,24.35,24.6,24.85,25.15
RTN,187.85,186.28,188.3,190.09,190.23
RUBI,1.87,2.08,1.97,1.99,2.11
RVT,16.17,16.2,16.31,16.4,16.49
RWT,14.82,14.77,14.57,14.65,14.77
RXN,26.02,25.98,26.22,26.34,26.33
RY,81.65,82.33,82.84,83.92,84.4
RYAM,20.45,20.34,20.55,19.28,19.66
RYB,16.88,17,16.8,16.96,16.94
RYI,10.4,10.65,10.5,10.55,10.8
RYN,31.63,31.97,32.16,31.51,31.89
RZA,27.52,27.32,27.35,27.28,27.52
RZB,27.99,27.58,27.78,27.64,27.99
S,5.89,5.93,5.9,5.63,5.8
SA,11.3,11.4,10.95,11.15,11.15
SAB,25.8,25.91,25.84,25.79,25.96
SAFE,17.6,17.96,17.95,17.93,17.75
SAH,18.45,18.4,18.35,19.05,19.75
SAIC,76.57,77.55,77.38,77.96,77.99
SAIL,14.5,14.36,14.6,14.38,14.65
SALT,7.4,7.6,7.75,7.85,7.9
SAM,191.1,190,186.95,187.9,187.35
SAN,6.54,6.55,6.53,6.75,6.79
SAP,112.36,112.39,113.31,115.05,116.33
SAR,22.37,22.27,22.45,22.55,22.12
SAVE,44.85,45.6,44.14,43.5,43.63
SB,3.23,3.29,3.37,3.54,3.62
SBBC,25.42,25.25,25.56,25.56,25.58
SBH,18.76,19.08,18.83,17.95,18.24
SBI,9.32,9.37,9.38,9.42,9.43
SBNA,24.86,24.72,24.83,24.5,24.45
SBOW,29.72,30.2,30.41,30.39,30.66
SBR,44.6,45.35,45.8,45.76,45.7
SBS,10.45,10.61,10.51,10.24,10.4
SC,18.62,18.39,18.51,18.62,18.85
SCCO,47.45,48.9,48.99,48.74,49.12
SCD,13.95,14.11,14.11,14.14,14.14
SCG,39.78,38.87,47.65,46.33,45.02
SCHW,51.37,51.44,51.52,51.81,52.01
SCI,37.32,37.71,37.68,37.89,38.09
SCL,78.97,79.8,78.77,78.82,79.41
SCM,13.14,13,12.97,12.68,12.55
SCS,15.2,15.25,15.05,15.1,15.2
SCX,8.6,8.6,8.65,8.6,8.65
SD,21.07,21.11,21.66,21.5,20.8
SDLP,3.66,3.7,3.79,3.96,3.96
SDR,0.85,0.88,0.94,1.03,1
SDT,0.83,0.86,0.89,0.95,0.94
SE,13.33,13.01,13.5,13,13.89
SEAS,13.57,13.92,13.7,13.63,13.84
SEE,49.3,49.42,49.46,49.57,49.42
SEM,17.65,18.05,17.4,17.75,18
SEMG,30.2,30.8,30.5,29.8,27.9
SEND,23.97,24.79,24.11,25.04,26.23
SF,59.56,60.25,61.42,62.85,64.54
SFB,24.93,24.86,24.87,24.975,25.04
SFE,11.2,11.2,11.15,11.3,11.25
SFL,15.5,15.65,15.6,15.5,15.5
SFUN,5.58,5.33,5.17,4.89,4.81
SGU,10.75,10.7,10.83,10.99,10.71
SHAK,43.2,43.68,47.08,45.39,44.17
SHG,46.4,46.8,47.02,46.93,47.81
SHI,57,58.08,59.73,61.24,61.42
SHLX,29.82,30.04,30.63,30.38,30.09
SHO,16.53,16.69,16.46,16.3,16.41
SHOP,101,105.49,107.75,109.95,110.58
SHW,410.04,413.7,415.36,413.1,421.66
SID,2.45,2.66,2.73,2.85,2.9
SIG,56.55,55.29,54.8,55.8,56.93
SITE,76.7,76.28,73.62,73.27,72.92
SIX,66.57,66.84,65.53,65.08,65.7
SJI,31.23,31.16,30.79,30.87,30.68
SJM,124.24,123.72,123.4,124.39,125.55
SJR,22.83,22.84,22.84,22.97,23.1
SJT,8.24,8.5,8.57,8.42,8.25
SJW,63.83,63.47,62.87,61.82,60.82
SKM,27.91,28.08,27.58,27.26,28.06
SKT,26.51,26.27,26.23,25.63,25.92
SKX,37.84,38.45,38.73,38.25,37.8
SLB,67.39,69.52,71.33,73.1,73.6
SLCA,32.56,34.39,36,36.79,36.76
SLF,41.26,41.12,41.1,41.64,41.86
SLG,100.93,100.64,100.95,98.85,99.86
SM,22.08,23.26,24.09,24.26,24.15
SMFG,8.69,8.77,8.83,9.07,9.11
SMG,106.99,108.47,108.66,106.17,107.65
SMHI,11.7,12.15,12.29,12.97,12.93
SMLP,20.5,21.45,21.9,22.05,21.85
SMM,11.02,11.32,11.68,11.71,11.52
SMP,44.91,45.19,45.09,45.61,45.97
SNA,174.3,176.89,175.19,176.17,178.45
SNAP,14.61,14.95,15.31,14.59,14.5
SNDR,28.56,28.75,28.31,27.84,27.7
SNE,44.95,45.79,46.3,47.25,48.7
SNN,35.01,34.9,34.83,34.58,35.52
SNP,73.37,76.14,76.66,78.9,79.58
SNR,7.56,7.7,7.71,7.59,7.56
SNV,47.94,48.22,48.3,48.79,49.37
SNX,135.95,137.21,138.21,140.26,139.04
SNY,43,43.32,43.2,43.9,44.67
SO,48.09,47.17,46.9,46.7,46.78
SOGO,11.57,11.9,11.9,12.17,12.53
SOI,21.41,22.37,22.42,23.04,23.46
SOJA,26.99,26.64,26.65,26.74,26.78
SOJB,25.7,25.06,25.55,25.65,25.41
SOJC,25.45,25.2,25.18,25.14,25.2
SOL,2.66,2.95,2.82,2.81,3.1
SON,53.14,53.88,53.89,53.73,54.02
SOR,40.76,40.99,41,41.19,41.33
SPE,14.88,14.99,14.99,15.08,15.12
SPG,171.74,172.42,171.62,166.6,168.15
SPGI,169.4,168.12,170.82,173.38,175.7
SPH,24.22,24.79,25.73,26.25,26.53
SPLP,19.55,19.7,19.6,20.25,20.35
SPN,9.63,10.11,10.59,10.87,11.05
SPR,87.25,87.38,87.04,88.22,89.91
SPXC,31.39,32.2,32.28,32.82,32.5
SPXX,17.31,17.52,17.705,17.74,17.77
SQ,34.67,36.17,37.31,38.1,41.14
SQM,59.37,61.5,61.42,61.72,63.07
SQNS,1.91,1.94,2.03,2.51,2.08
SR,75.15,74.1,72.55,72,71.7
SRE,106.92,105.35,108.14,107.42,108.45
SRF,9.36,9.48,9.68,9.79,9.69
SRG,40.46,40.09,40.93,40.07,40.15
SRI,22.86,22.77,23.9,24.04,24
SRLP,24.2,24.95,25.65,26.25,26.35
SRT,9.97,9.82,9.8,9.82,10.08
SRV,11.94,12.2,12.8,12.81,12.89
SSD,57.41,57.41,57.45,57.01,57.98
SSI,1.68,1.8,1.95,1.9,1.9
SSL,34.21,34.24,34.48,34.5,34.7
SSTK,43.03,43.48,44.39,44.71,44.19
SSW,6.75,7.1,7.05,7.14,7.1
SSWA,24.32,24.34,24.25,24.37,24.38
ST,51.11,51.54,51.48,51.78,52.16
STAG,27.33,27.1,27.11,26.57,26.4
STAR,11.3,11.31,11.23,11.18,11.25
STC,42.3,42.72,42.75,45.12,45.13
STE,87.47,88.31,87.14,86.59,86.95
STI,64.59,64.86,65.68,65.86,65.91
STK,22.25,22.58,22.99,23.14,23.25
STL,24.6,24.4,24.45,24.95,25.2
STM,21.84,22.4,22.95,23.41,23.34
STN,27.95,28.1,28,28.05,28.25
STNG,3.05,3.15,3.15,3.23,3.2
STON,6.56,6.08,6.31,6.06,6.08
STOR,26.04,25.84,25.9,25.5,25.35
STT,97.61,96.72,97.43,98.48,98.57
STWD,21.35,21.19,21.05,20.8,20.92
STZ,228.57,226.56,227.5,225.79,219.88
SU,36.72,37.44,37.65,38.12,37.82
SUI,92.78,91.7,91.76,90.56,89.91
SUM,31.44,31.93,32.1,31.69,31.63
SUN,28.4,28.87,29.34,28.97,28.51
SUP,14.85,15,15.5,15.5,15.95
SUPV,29.32,30.26,29.93,30.28,29.71
SWCH,18.19,17.16,17.28,17.27,17.57
SWJ,25.22,25.06,25.12,25.09,25.18
SWK,169.69,168.51,169.13,169.79,170.58
SWM,45.36,46.03,46.07,45.9,45.83
SWN,5.58,5.91,5.91,5.86,5.59
SWP,122.75,121.75,122.07,123,123.49
SWX,80.48,79.74,79.11,79.13,78.84
SWZ,12.76,12.71,12.8,12.91,13.05
SXC,11.99,12.14,12.13,12.09,12.06
SXCP,17.45,17.75,17.75,17.6,17.6
SXI,101.85,100.95,101.5,103.15,102.5
SXT,73.15,74.08,74.12,74.08,74.4
SYF,38.61,38.86,39.12,39.4,39.74
SYK,154.84,157.9,158.79,158.74,161.06
SYX,33.27,34.2,34.52,32.3,31.52
SYY,60.73,60.5,60.63,60.84,61.45
SZC,20.3,20.54,20.895,21.19,21.014
T,38.88,38.54,37.65,38,38.14
TAC,5.95,5.95,5.9,5.85,5.9
TAL,29.71,30.27,31.84,32.57,32.62
TAP,82.07,82.24,81.45,82,82.93
TARO,104.71,103.69,104.17,104.51,104.2
TBB,26.09,25.74,26.01,26.14,26.22
TBI,27.5,27.35,27.1,27.15,27.55
TCF,20.5,20.75,20.61,20.65,21.01
TCI,31.32,32.23,32.09,32.9,33.5
TCO,65.43,66.39,65.11,63.64,64.26
TCP,53.1,53.87,54.08,54.65,53.58
TCRZ,25.93,25.92,25.9,25.99,25.77
TCS,4.74,5.08,4.85,4.96,4.85
TD,58.58,58.91,59.17,59.83,60.35
TDA,24.9,24.8,24.87,24.9,24.84
TDC,38.46,38.49,38.68,38.65,38.83
TDE,25.31,25.14,25.01,25.13,25.2
TDF,21.51,21.69,21.95,22.39,22.43
TDG,274.62,275.11,270.22,272.84,274.91
TDI,25.55,24.92,24.99,24.94,24.79
TDJ,25.28,25.2,25.19,25.21,25.2
TDOC,34.85,36.2,36.85,37.2,37.5
TDS,27.8,27.92,27.77,27.77,28.12
TDW,24.4,25.36,26.18,26.85,27.38
TDY,181.15,184.34,184.09,187.12,186.31
TECK,26.17,26.93,26.59,27.11,27.33
TEF,9.68,9.84,9.77,9.97,10.03
TEI,11.17,11.16,11.24,11.37,11.43
TEL,95.04,95.32,96.93,97.38,99.6
TEN,58.54,58.65,59.57,61.33,63.33
TEO,36.63,37.26,37.54,37.8,38.03
TEVA,18.95,19.11,19.13,19.58,19.22
TEX,48.22,48.59,48.43,47.56,46.95
TFX,248.82,254.73,256.64,254.01,257.73
TG,19.2,19.6,19.5,19.35,19.3
TGH,21.5,22.25,21.85,21.9,22
TGI,27.2,27.75,27.15,27.4,27.45
TGNA,14.08,14.17,14.2,14.47,14.53
TGP,20.15,20.4,20.5,20.55,20.5
TGS,22.23,22.94,22.72,22.88,22.99
TGT,65.25,67.63,67.17,65.85,66.55
THC,15.16,15.99,15.56,15.36,15.44
THG,108.08,106.71,106.74,107.57,107.62
THGA,25.32,25.3,25.27,25.26,25.29
THO,150.72,155.36,155.61,155.48,154.87
THQ,17.52,17.6,17.75,17.83,17.88
THR,23.67,23.95,23.92,24.04,24.21
THS,49.46,49.1,49.38,49.9,49.7
THW,13.61,13.78,13.95,13.96,14.08
TIF,103.95,106.43,107.03,106.75,106.57
TISI,14.9,15.1,14.9,15.7,16.3
TK,9.32,9.82,10.04,10.03,10.05
TKC,10.2,10.38,10.07,9.99,10.22
TKR,49.15,51.3,50.25,50.6,51.1
TLI,10.52,10.6,10.62,10.64,10.67
TLK,32.22,32.46,31.21,31.11,31.67
TLRA,4.03,4.14,4.5,4.3,4.37
TLRD,21.83,22.82,21.86,21.37,21.28
TLYS,14.76,14.56,14.39,14.25,14.01
TM,127.17,128.37,130.13,132.16,133.86
TMHC,24.47,24.95,26.56,26.43,27.36
TMK,90.71,90.21,90.47,90.7,91.06
TMO,189.88,192.98,196.52,198.98,202.39
TMST,15.19,16.1,16.53,16.77,16.61
TNC,72.65,74.35,74.45,74.55,73.6
TNET,44.34,43.44,43.24,43.62,44.38
TNK,1.4,1.39,1.39,1.39,1.35
TNP,3.91,4.07,3.95,3.98,3.98
TOL,48.02,48.32,50.42,50.13,51.21
TOO,2.36,2.57,2.56,2.58,2.6
TOWR,30.55,30.5,31.35,31.4,31.8
TPB,21.13,20.8,20.66,20.47,21.2
TPC,25.35,25.4,25.2,25.7,25.7
TPGH,9.73,9.73,9.73,9.73,9.75
TPH,17.92,18.05,19.09,19.03,19.42
TPL,446.63,460.59,453.07,453.64,451.12
TPR,44.23,45.26,45.27,45.2,45.41
TPRE,14.65,14.15,14.1,13.75,13.85
TPVG,12.69,12.82,13.06,12.95,12.97
TPVY,25.88,25.5,25.5,25.685,25.49
TPX,62.69,64.59,63,62.96,62.45
TPZ,20.6,20.8,21.1,21.15,20.95
TRC,20.76,21.04,21.22,20.98,20.85
TRCO,42.47,42.45,42.21,41.87,41.87
TREC,13.5,13.5,13.8,13.9,14.15
TRGP,48.42,49.09,49.93,50.37,48.45
TRK,18.87,19.1,18.95,19.03,18.88
TRNO,35.06,34.9,34.85,34.35,34.5
TROX,20.51,20.94,21.22,21.26,21.03
TRP,48.64,49.33,49.36,49.52,49.47
TRQ,3.43,3.56,3.55,3.55,3.51
TRTN,37.45,39.09,38.31,38.81,39
TRTX,19.05,19.05,18.79,18.81,18.8
TRU,54.96,54.85,54.73,55.17,56.92
TRV,135.64,131.98,132.4,132.4,132.16
TS,31.86,32.33,32.51,32.81,33.14
TSE,72.6,73.35,73.25,75.35,77.45
TSI,5.87,5.66,5.63,5.61,5.57
TSLF,16.86,16.88,16.94,17.02,16.99
TSLX,19.8,19.88,19.88,19.85,20.01
TSM,39.65,41.02,41.71,41.49,42.46
TSN,81.07,80.62,79.71,80.22,80.83
TSQ,7.68,7.58,7.7,7.64,7.68
TSS,79.09,78.48,78.78,79.42,79.94
TSU,19.31,20.1,20.31,20.26,20.36
TTC,65.23,65.41,65.43,65.7,66.67
TTI,4.27,4.31,4.39,4.53,4.34
TTM,33.07,34.32,33.93,33.69,33.87
TTP,18.8,19.1,19.64,19.98,19.73
TU,37.87,37.84,37.85,37.85,38.02
TUP,62.7,62.63,62.89,62.37,63.37
TV,18.67,19.25,19.33,19.16,19.31
TVC,25.1,25.09,25.195,25.2,25.21
TVE,25,25,24.98,25.02,25.16
TVPT,13.07,13.13,13.15,13.33,12.64
TWI,12.88,13.11,12.96,13.08,13.15
TWLO,23.6,25.1,25.69,25.68,25.76
TWN,20.87,20.98,21.11,21.2,21.5
TWO,16.26,16.09,15.86,15.93,15.99
TWTR,24.01,24.51,24.45,23.99,24.32
TX,31.59,32.68,33.02,33.56,33.57
TXT,56.59,57.3,57.63,57.58,58.5
TY,26.94,26.93,27.07,27.13,27.19
TYG,29.08,29.86,30.5,30.73,30.62
TYL,177.05,178.69,180.19,183.95,184.39
UA,13.32,13.97,14.4,14.75,14.73
UAA,14.43,15.03,15.72,15.92,15.87
UAN,3.28,3.54,3.7,3.75,4.04
UBA,21.74,22.1,21.74,21.21,21.11
UBP,16.95,17.7,17.7,17.46,17.62
UBS,18.39,18.5,18.79,18.95,18.79
UDR,38.52,38.06,38.34,37.56,37.51
UE,25.49,25.59,25.37,24.81,24.96
UFI,35.87,35.94,35.74,36.56,35.82
UFS,49.52,50.51,50.76,50.17,50.41
UGI,46.95,47.48,47.37,47.6,47.55
UGP,22.73,23.57,23.69,23.96,23.99
UHS,113.35,115.6,113.39,112.79,111.97
UHT,75.11,73.77,72.08,70.48,70.31
UIS,8.15,8.35,8.35,8.6,8.55
UL,55.34,54.85,54.78,55.11,55.54
UMC,2.39,2.44,2.46,2.44,2.47
UMH,14.9,14.54,14.29,14.19,14.27
UN,56.32,55.81,55.71,56.11,56.59
UNF,164.9,167.8,170,175.05,171.6
UNH,220.46,221.16,223.48,224.45,228.73
UNM,54.89,54.86,55.26,55.75,55.99
UNP,134.1,135.78,136.54,135.8,137.53
UNT,22,22.57,22.75,23.72,23.26
UNVR,30.96,30.87,30.85,30.92,30.76
UPS,119.15,123.67,126.41,127.23,127.62
URI,171.91,173.58,175.19,172,171.38
USA,6.3,6.29,6.33,6.38,6.44
USAC,16.54,16.94,17.56,17.46,17.53
USB,53.58,54.03,54.56,54.98,55.32
USDP,11.25,11.3,11.55,11.75,11.55
USFD,31.93,32.04,32,32.23,32.86
USM,37.63,37.24,37.46,37.55,37.68
USNA,74.05,74.95,75.05,74.5,74.75
USPH,72.2,73.45,73.5,73.65,73.9
UTF,24,23.94,24.05,24.09,24.31
UTI,2.4,2.38,2.38,2.28,2.47
UTL,45.62,44.85,45.05,44.72,44.73
UTX,127.57,128.16,130.04,130.45,131.57
UVE,27.35,27.3,27.1,27.6,28.65
UVV,52.5,52.8,52.55,52.15,52.1
UZA,25.24,25.05,25.06,25.05,25.02
UZB,25.72,25.58,25.65,25.51,25.62
UZC,25.92,25.63,25.61,25.64,25.71
V,114.02,114.51,115.65,116.08,118.86
VAC,135.21,136.3,137.29,135.63,134.28
VALE,12.23,12.77,12.85,12.83,13.09
VAR,111.15,110.98,111.31,109.86,110.87
VBF,19.89,20.05,19.99,20.01,19.98
VCRA,30.22,29.96,30.19,30.12,31.07
VCV,12.58,12.58,12.62,12.64,12.68
VEC,30.85,31.66,30.91,31.07,30.7
VEDL,20.83,21.09,21.4,21.58,21.58
VEEV,55.28,55.07,56.28,56.9,57.44
VER,7.79,7.73,7.77,7.66,7.62
VET,36.32,37.43,37.81,37.96,37.61
VFC,74,74.42,73.78,75.46,75.7
VG,10.17,10.12,10.3,10.12,9.99
VGI,17.5,17.54,17.53,17.39,17.43
VGM,13.18,13.17,13.3,13.26,13.23
VHI,6.17,6.21,6.03,6.14,6.15
VIPS,11.72,12.5,12.2,12.01,12.37
VIV,14.83,15.18,15.04,15.31,15.42
VJET,4.57,4.76,4.79,4.9,5.36
VKQ,12.5,12.56,12.64,12.66,12.62
VLO,91.91,92.8,93.29,93.59,94.03
VLP,44.5,45.9,45.71,45.74,45.37
VLRS,8.02,8.18,8.25,8.27,8.32
VLT,14.71,14.77,14.74,14.71,14.71
VMC,128.37,131.87,134.29,133.38,131.9
VMI,165.85,167.35,166.45,165.6,166.25
VMO,12.4,12.38,12.51,12.45,12.46
VMW,125.32,127.29,130.03,131.24,131.26
VNCE,6.19,6.24,6.05,5.94,6
VNO,78.18,77.32,77.1,74.8,75.44
VNTR,22.12,22.79,23.11,23,23.45
VOC,5.92,5.8,5.68,5.4,5.28
VOYA,49.47,49.74,49.68,50.34,50.73
VPG,25.15,25.3,25.7,26.35,26.15
VPV,12.15,12.12,12.19,12.21,12.24
VRS,17.57,17.11,16.88,16.94,16.63
VRTV,28.9,30.35,29.45,28.3,28.35
VSH,20.75,21.35,21.65,21.6,21.84
VSI,4.4,4.4,4.3,4.6,5.3
VSLR,4.05,3.95,4.15,4.15,4.2
VSM,37.85,39.02,38.54,38.97,39.15
VST,18.32,18.42,18.47,18.49,18.68
VSTO,14.57,15.1,14.08,14.58,14.59
VTA,11.71,11.91,11.9,11.89,11.87
VTN,13.72,13.71,13.79,13.77,13.8
VTR,60.01,59.76,60.12,58.65,58.35
VVC,65.02,64.05,63.46,62.89,62.5
VVI,55.4,56.3,56.5,56.8,57.15
VVR,4.39,4.46,4.46,4.45,4.44
VVV,25.06,25.25,25.23,25.4,24.93
VZ,52.93,53.53,52.43,52.6,52.48
VZA,26.38,26.23,26.3,26.27,26.24
W,80.27,81.02,78.45,79.3,80.75
WAAS,15.52,16.1,16.21,16.08,15.86
WAB,81.43,82.93,82.26,83.37,81.83
WAGE,62,61.35,61.4,63.25,62.85
WAIR,7.4,7.5,7.65,7.65,7.65
WAL,56.62,56.87,56.99,57.13,57.85
WALA,26.215,26.36,26.08,26.1,26.08
WAT,193.19,195.69,197.77,199.66,202.23
WBAI,10.11,10.75,11.44,11.44,11.69
WBC,143.5,144.81,146.91,148.4,149.34
WBK,24.38,24.49,24.54,24.63,24.95
WBS,56.16,56.42,56.08,56.32,57.42
WBT,23.51,23.36,23.4,23.6,23.21
WCC,68.15,66.8,66.7,66.6,66.25
WCG,201.11,202.55,203.32,206.51,211.32
WCN,70.94,70.02,69.28,70.24,69.71
WD,47.5,47.32,46.13,46.1,47.98
WDR,22.34,21.8,21.74,21.82,21.86
WEA,13.81,13.84,13.8,13.86,13.87
WEC,66.43,65.77,65.54,65.31,64.87
WES,48.09,49.21,51.76,52.66,51.75
WEX,141.23,142.04,142.88,144.6,144.93
WF,44.69,45.52,45.2,44.73,45.15
WFC,60.67,61.09,61.56,62.33,62.75
WGO,55.6,55.45,56.4,55.6,55.95
WHG,66.21,65.63,66.93,67.74,67.09
WHR,168.64,167.99,168.84,168.82,168.48
WIA,11.79,11.96,11.86,11.86,12.03
WIT,5.47,5.71,5.67,5.65,5.56
WIW,11.42,11.55,11.45,11.46,11.57
WK,21.4,21.25,21.2,21.45,21.35
WLH,29.08,30.51,32.28,31.6,30.97
WLK,106.53,109.09,108.13,109.1,110.79
WLKP,24.95,25.05,25.05,24.85,24.8
WLL,26.48,27.37,27.99,28.11,27.79
WM,86.3,86.1,87.35,88.1,87.99
WMB,30.49,31.14,32,32.55,32.46
WMC,9.95,9.92,9.79,9.84,9.85
WMK,41.39,42.02,41.16,40.86,40.46
WMS,23.85,23.95,23.95,23.8,23.75
WMT,98.75,98.59,99.45,99.54,100.13
WNC,21.7,21.98,21.3,21.43,21.6
WNS,40.13,39.87,39.4,39.14,39.69
WOR,44.06,45.58,45.39,45.13,45.71
WOW,10.57,10.62,10.67,10.9,11.16
WPC,68.9,68.38,68.47,67.52,67.69
WPG,7.12,7.31,7.19,7.05,7.08
WPM,22.13,22.3,22.15,22.26,21.95
WPP,90.56,91.09,88.25,89.64,91.15
WPX,14.07,14.31,14.39,14.44,14.24
WRB,71.65,70.04,69.46,69.74,69.45
WRD,18.41,18.44,18.36,18.14,17.99
WRE,31.12,30.09,30.19,29.42,29.33
WRI,32.87,32.77,32.57,31.92,32.09
WRK,63.21,64.71,65.4,67.04,67.31
WSM,51.7,52.7,53.06,52.68,53.3
WSO,170.04,169.87,170.29,170.31,171.34
WSR,14.41,14.37,14.36,13.91,14.02
WST,98.67,99.5,99.62,99.59,100.84
WTI,3.31,3.72,4.16,4.24,4.36
WTM,851.28,848.05,845,852.61,853.12
WTR,39.23,38.65,38.26,37.88,37.71
WTS,75.95,76,75.9,76.25,76.45
WTTR,18.24,18.24,17.88,18.34,18.49
WU,19.01,19.08,19.07,19.45,20.6
WUBA,71.57,76.26,76.61,78,79.57
WWE,30.58,31.41,30.77,30.88,31.05
WWW,31.88,32.5,31.62,31.4,31.67
WY,35.26,35.3,35.61,35.32,35.27
X,35.19,37.42,37.49,37.87,38.49
XEC,122.01,125.51,126.2,128.66,127.82
XFLT,9.4,9.45,9.56,9.67,9.68
XHR,21.59,21.93,21.68,21.35,21.41
XIN,6.81,7.64,7.37,7.59,7.77
XOM,83.64,85.03,86.7,86.82,86.75
XPO,91.59,92.49,92.33,91.35,91.08
XRF,5.72,6.27,6.11,6.12,6.33
XRX,29.15,29.37,29.33,29.69,29.91
XYL,68.2,68.07,68.9,69.36,69.23
Y,596.09,582.72,585.03,593.07,588.86
YELP,41.96,43.24,43.12,42.82,43.17
YEXT,12.03,11.85,11.75,11.7,11.59
YPF,22.91,23.64,23.6,23.29,23.01
YRD,43.97,47.58,47.01,45.44,44.66
YUM,81.61,81.6,81.53,82.36,82.84
YUMC,40.02,40.63,42.24,42.5,42.75
ZAYO,36.8,36.35,36.37,36.3,36.05
ZBH,120.67,124.06,124.92,124.74,125.98
ZBK,30.15,30.105,30.105,30.22,30.36
ZEN,33.84,34.06,34.62,34.85,34.97
ZF,12.9,12.91,12.95,12.63,12.65
ZNH,51.82,50.54,53.8,54.25,58
ZTO,15.85,16.42,16.31,16.12,16.05
ZTR,13.4,13.44,13.54,13.4,13.4
ZTS,72.04,71.77,72.1,72.53,73.36
ZYME,7.59,7.93,7.965,8.43,8.4
